景区,星级,地区,地址,评分,价格,简介,详情页
五台山,5A景区,山西・忻州・五台县,山西省忻州市五台县台怀镇,4.9,115,中国佛教四大名山之首,https://piao.qunar.com/ticket/detail_2869401961.html?st=a3clM0QlRTUlQjElQjElRTglQTUlQkYlMjZpZCUzRDk3NDQlMjZ0eXBlJTNEMCUyNmlkeCUzRDElMjZxdCUzRCUyNmFwayUzRDIlMjZzYyUzRFdXVyUyNnVyJTNEJUU2JTk5JThCJUU0JUI4JUFEJTI2bHIlM0QlRTYlOTklOEIlRTQlQjglQUQlMjZmdCUzRCU3QiU3RCUyNnN0JTNEcHU%3D#from=mpl_search_suggest
云冈石窟,5A景区,山西・大同・南郊区,山西省大同市云冈区云冈镇1号,5,100,中国三大石窟之一,https://piao.qunar.com/ticket/detail_3467256297.html?st=a3clM0QlRTUlQjElQjElRTglQTUlQkYlMjZpZCUzRDgyNDYlMjZ0eXBlJTNEMCUyNmlkeCUzRDIlMjZxdCUzRCUyNmFwayUzRDIlMjZzYyUzRFdXVyUyNnVyJTNEJUU2JTk5JThCJUU0JUI4JUFEJTI2bHIlM0QlRTYlOTklOEIlRTQlQjglQUQlMjZmdCUzRCU3QiU3RCUyNnN0JTNEcHU%3D#from=mpl_search_suggest
晋祠博物馆,4A景区,山西・太原・晋源区,山西省太原市晋源区晋祠公园内,5,80,晋国宗祠园林建筑群,https://piao.qunar.com/ticket/detail_374810364.html?st=a3clM0QlRTUlQjElQjElRTglQTUlQkYlMjZpZCUzRDUlMjZ0eXBlJTNEMCUyNmlkeCUzRDMlMjZxdCUzRCUyNmFwayUzRDIlMjZzYyUzRFdXVyUyNnVyJTNEJUU2JTk5JThCJUU0JUI4JUFEJTI2bHIlM0QlRTYlOTklOEIlRTQlQjglQUQlMjZmdCUzRCU3QiU3RCUyNnN0JTNEcHU%3D#from=mpl_search_suggest
应县木塔,4A景区,山西・朔州・应县,山西省朔州市应县应元街1号,5,48,辽代古建筑，由木头建成,https://piao.qunar.com/ticket/detail_3194548979.html?st=a3clM0QlRTUlQjElQjElRTglQTUlQkYlMjZpZCUzRDQ2NDQlMjZ0eXBlJTNEMCUyNmlkeCUzRDQlMjZxdCUzRCUyNmFwayUzRDIlMjZzYyUzRFdXVyUyNnVyJTNEJUU2JTk5JThCJUU0JUI4JUFEJTI2bHIlM0QlRTYlOTklOEIlRTQlQjglQUQlMjZmdCUzRCU3QiU3RCUyNnN0JTNEcHU%3D#from=mpl_search_suggest
山西黄河壶口瀑布旅游区,5A景区,山西・临汾・吉县,山西省临汾市吉县壶口镇延壶路,4.9,90,看滚滚黄河水呼啸而下,https://piao.qunar.com/ticket/detail_2921190610.html?st=a3clM0QlRTUlQjElQjElRTglQTUlQkYlMjZpZCUzRDU3NjElMjZ0eXBlJTNEMCUyNmlkeCUzRDUlMjZxdCUzRCUyNmFwayUzRDIlMjZzYyUzRFdXVyUyNnVyJTNEJUU2JTk5JThCJUU0JUI4JUFEJTI2bHIlM0QlRTYlOTklOEIlRTQlQjglQUQlMjZmdCUzRCU3QiU3RCUyNnN0JTNEcHU%3D#from=mpl_search_suggest
平遥古城,5A景区,山西・晋中・平遥县,山西省晋中市平遥县康宁路,5,23,晚清时期的中国金融中心,https://piao.qunar.com/ticket/detail_3289429100.html?st=a3clM0QlRTUlQjElQjElRTglQTUlQkYlMjZpZCUzRDkzMzAlMjZ0eXBlJTNEMCUyNmlkeCUzRDYlMjZxdCUzRCUyNmFwayUzRDIlMjZzYyUzRFdXVyUyNnVyJTNEJUU2JTk5JThCJUU0JUI4JUFEJTI2bHIlM0QlRTYlOTklOEIlRTQlQjglQUQlMjZmdCUzRCU3QiU3RCUyNnN0JTNEcHU%3D#from=mpl_search_suggest
小西天,4A景区,山西・临汾・隰县,山西省临汾市隰县西北1公里凤凰山顶,5,32.8,欣赏精美的明代彩塑,https://piao.qunar.com/ticket/detail_1301151796.html?st=a3clM0QlRTUlQjElQjElRTglQTUlQkYlMjZpZCUzRDEyMzA4JTI2dHlwZSUzRDAlMjZpZHglM0Q3JTI2cXQlM0QlMjZhcGslM0QyJTI2c2MlM0RXV1clMjZ1ciUzRCVFNiU5OSU4QiVFNCVCOCVBRCUyNmxyJTNEJUU2JTk5JThCJUU0JUI4JUFEJTI2ZnQlM0QlN0IlN0QlMjZzdCUzRHB1#from=mpl_search_suggest
太原植物园,4A景区,山西・太原・晋源区,山西省太原市晋源区晋源街道太古路与晋阳大道交叉口,5,30,太原植物园是市委、市政府确定的重点园林绿化工程项目，入选财政部第三批PPP示范项目，荣获山西省改善人居环境PPP项目奖。,https://piao.qunar.com/ticket/detail_2306493306.html?st=a3clM0QlRTUlQjElQjElRTglQTUlQkYlMjZpZCUzRDUxMDk2NyUyNnR5cGUlM0QwJTI2aWR4JTNEOCUyNnF0JTNEJTI2YXBrJTNEMiUyNnNjJTNEV1dXJTI2dXIlM0QlRTYlOTklOEIlRTQlQjglQUQlMjZsciUzRCVFNiU5OSU4QiVFNCVCOCVBRCUyNmZ0JTNEJTdCJTdEJTI2c3QlM0RwdQ%3D%3D#from=mpl_search_suggest
广胜寺,4A景区,山西・临汾・洪洞县,山西省临汾市洪洞县洪广路东侧,5,68,全国首批重点文物保护单位,https://piao.qunar.com/ticket/detail_879156663.html?st=a3clM0QlRTUlQjElQjElRTglQTUlQkYlMjZpZCUzRDUyNzclMjZ0eXBlJTNEMCUyNmlkeCUzRDklMjZxdCUzRCUyNmFwayUzRDIlMjZzYyUzRFdXVyUyNnVyJTNEJUU2JTk5JThCJUU0JUI4JUFEJTI2bHIlM0QlRTYlOTklOEIlRTQlQjglQUQlMjZmdCUzRCU3QiU3RCUyNnN0JTNEcHU%3D#from=mpl_search_suggest
山西王家大院,4A景区,山西・晋中・灵石县,晋中市灵石县静升镇静升村,4.9,30,清代民居建筑集大成者,https://piao.qunar.com/ticket/detail_2084299625.html?st=a3clM0QlRTUlQjElQjElRTglQTUlQkYlMjZpZCUzRDE1NDAzJTI2dHlwZSUzRDAlMjZpZHglM0QxMCUyNnF0JTNEJTI2YXBrJTNEMiUyNnNjJTNEV1dXJTI2dXIlM0QlRTYlOTklOEIlRTQlQjglQUQlMjZsciUzRCVFNiU5OSU4QiVFNCVCOCVBRCUyNmZ0JTNEJTdCJTdEJTI2c3QlM0RwdQ%3D%3D#from=mpl_search_suggest
皇城相府,5A景区,山西・晋城・阳城县,山西省晋城市阳城县北留镇皇城村2号,4.7,73.4,明清城堡式官宦住宅建筑群,https://piao.qunar.com/ticket/detail_3029001101.html?st=a3clM0QlRTUlQjElQjElRTglQTUlQkYlMjZpZCUzRDg4MSUyNnR5cGUlM0QwJTI2aWR4JTNEMTElMjZxdCUzRCUyNmFwayUzRDIlMjZzYyUzRFdXVyUyNnVyJTNEJUU2JTk5JThCJUU0JUI4JUFEJTI2bHIlM0QlRTYlOTklOEIlRTQlQjglQUQlMjZmdCUzRCU3QiU3RCUyNnN0JTNEcHU%3D#from=mpl_search_suggest
《又见平遥》大型实景演出,,山西・晋中・平遥县,晋中市平遥县顺城路154号,4.8,238,讲述了古老票号的家族故事,https://piao.qunar.com/ticket/detail_4004077070.html?st=a3clM0QlRTUlQjElQjElRTglQTUlQkYlMjZpZCUzRDE5MTI5MiUyNnR5cGUlM0QwJTI2aWR4JTNEMTIlMjZxdCUzRCUyNmFwayUzRDIlMjZzYyUzRFdXVyUyNnVyJTNEJUU2JTk5JThCJUU0JUI4JUFEJTI2bHIlM0QlRTYlOTklOEIlRTQlQjglQUQlMjZmdCUzRCU3QiU3RCUyNnN0JTNEcHU%3D#from=mpl_search_suggest
运城关公故里文化旅游景区,4A景区,山西・运城・盐湖区,运城市盐湖区解州镇五一路145号,4.9,45,关羽家乡的关帝爷祖庙,https://piao.qunar.com/ticket/detail_3974308831.html?st=a3clM0QlRTUlQjElQjElRTglQTUlQkYlMjZpZCUzRDE4MzYlMjZ0eXBlJTNEMCUyNmlkeCUzRDEzJTI2cXQlM0QlMjZhcGslM0QyJTI2c2MlM0RXV1clMjZ1ciUzRCVFNiU5OSU4QiVFNCVCOCVBRCUyNmxyJTNEJUU2JTk5JThCJUU0JUI4JUFEJTI2ZnQlM0QlN0IlN0QlMjZzdCUzRHB1#from=mpl_search_suggest
雁门关,5A景区,山西・忻州・代县,山西省忻州市代县208国道,5,53.6,依山势而建的长城古关道,https://piao.qunar.com/ticket/detail_227376430.html?st=a3clM0QlRTUlQjElQjElRTglQTUlQkYlMjZpZCUzRDEyOTY1JTI2dHlwZSUzRDAlMjZpZHglM0QxNCUyNnF0JTNEJTI2YXBrJTNEMiUyNnNjJTNEV1dXJTI2dXIlM0QlRTYlOTklOEIlRTQlQjglQUQlMjZsciUzRCVFNiU5OSU4QiVFNCVCOCVBRCUyNmZ0JTNEJTdCJTdEJTI2c3QlM0RwdQ%3D%3D#from=mpl_search_suggest
太原动物园,4A景区,山西・太原・杏花岭区,太原市杏花岭区东山马路2号,5,10,观赏众多珍稀动物,https://piao.qunar.com/ticket/detail_3650774799.html?st=a3clM0QlRTUlQjElQjElRTglQTUlQkYlMjZpZCUzRDk0NzElMjZ0eXBlJTNEMCUyNmlkeCUzRDE1JTI2cXQlM0QlMjZhcGslM0QyJTI2c2MlM0RXV1clMjZ1ciUzRCVFNiU5OSU4QiVFNCVCOCVBRCUyNmxyJTNEJUU2JTk5JThCJUU0JUI4JUFEJTI2ZnQlM0QlN0IlN0QlMjZzdCUzRHB1#from=mpl_search_suggest
仙堂山,4A景区,山西・长治・襄垣县,山西省长治市襄垣县下良镇井背村,4.6,60,青山叠翠、奇峰峥嵘,https://piao.qunar.com/ticket/detail_1993229345.html?st=a3clM0QlRTUlQjElQjElRTglQTUlQkYlMjZpZCUzRDk4NzglMjZ0eXBlJTNEMCUyNmlkeCUzRDEwNiUyNnF0JTNEJTI2YXBrJTNEMiUyNnNjJTNEV1dXJTI2dXIlM0QlRTYlOTklOEIlRTQlQjglQUQlMjZsciUzRCVFNiU5OSU4QiVFNCVCOCVBRCUyNmZ0JTNEJTdCJTdEJTI2c3QlM0RwdQ%3D%3D#from=mpl_search_suggest
广仁王庙,,山西・运城・芮城县,山西省运城市芮城县城北面四公里古芮国魏城遗址的北部,4.3,13.5,又称五龙庙，在芮城县城北面四公里古芮国魏城遗址的北部。庙内所奉祀的水神封号“广仁王”，因以名庙。由戏台、厢房、正殿组成，,https://piao.qunar.com/ticket/detail_786823126.html?st=a3clM0QlRTUlQjElQjElRTglQTUlQkYlMjZpZCUzRDEwNjAwJTI2dHlwZSUzRDAlMjZpZHglM0QxMDclMjZxdCUzRCUyNmFwayUzRDIlMjZzYyUzRFdXVyUyNnVyJTNEJUU2JTk5JThCJUU0JUI4JUFEJTI2bHIlM0QlRTYlOTklOEIlRTQlQjglQUQlMjZmdCUzRCU3QiU3RCUyNnN0JTNEcHU%3D#from=mpl_search_suggest
贾家庄民俗动物园,,山西・吕梁・汾阳市,吕梁市汾阳市贾家庄村富民路002号,5,9,参观民俗馆，欣赏动植物,https://piao.qunar.com/ticket/detail_2028114334.html?st=a3clM0QlRTUlQjElQjElRTglQTUlQkYlMjZpZCUzRDQ3MTk0NyUyNnR5cGUlM0QwJTI2aWR4JTNEMTA4JTI2cXQlM0QlMjZhcGslM0QyJTI2c2MlM0RXV1clMjZ1ciUzRCVFNiU5OSU4QiVFNCVCOCVBRCUyNmxyJTNEJUU2JTk5JThCJUU0JUI4JUFEJTI2ZnQlM0QlN0IlN0QlMjZzdCUzRHB1#from=mpl_search_suggest
龙山石窟,,山西・太原・晋源区,山西省太原市晋源区西南20公里龙山山顶,4.7,7,国内少见的道教石窟,https://piao.qunar.com/ticket/detail_3115769958.html?st=a3clM0QlRTUlQjElQjElRTglQTUlQkYlMjZpZCUzRDg5OTAlMjZ0eXBlJTNEMCUyNmlkeCUzRDEwOSUyNnF0JTNEJTI2YXBrJTNEMiUyNnNjJTNEV1dXJTI2dXIlM0QlRTYlOTklOEIlRTQlQjglQUQlMjZsciUzRCVFNiU5OSU4QiVFNCVCOCVBRCUyNmZ0JTNEJTdCJTdEJTI2c3QlM0RwdQ%3D%3D#from=mpl_search_suggest
汤如意城市汤泉生活馆,,山西・太原・小店区,太原市小店区龙城大街75号,4.6,96,,https://piao.qunar.com/ticket/detail_1517145265.html?st=a3clM0QlRTUlQjElQjElRTglQTUlQkYlMjZpZCUzRDQ3MzY0OSUyNnR5cGUlM0QwJTI2aWR4JTNEMTEwJTI2cXQlM0QlMjZhcGslM0QyJTI2c2MlM0RXV1clMjZ1ciUzRCVFNiU5OSU4QiVFNCVCOCVBRCUyNmxyJTNEJUU2JTk5JThCJUU0JUI4JUFEJTI2ZnQlM0QlN0IlN0QlMjZzdCUzRHB1#from=mpl_search_suggest
红岩岭自然风景区,,山西・阳泉・平定县,山西省阳泉市平定县主铺掌村,4.8,19.9,溶洞多且壮观，秋赏红叶,https://piao.qunar.com/ticket/detail_564951633.html?st=a3clM0QlRTUlQjElQjElRTglQTUlQkYlMjZpZCUzRDQ2MTE3NiUyNnR5cGUlM0QwJTI2aWR4JTNEMTExJTI2cXQlM0QlMjZhcGslM0QyJTI2c2MlM0RXV1clMjZ1ciUzRCVFNiU5OSU4QiVFNCVCOCVBRCUyNmxyJTNEJUU2JTk5JThCJUU0JUI4JUFEJTI2ZnQlM0QlN0IlN0QlMjZzdCUzRHB1#from=mpl_search_suggest
蒲津渡遗址,,山西・运城・永济市,山西省运城市永济市X852蒲津渡遗址,4.9,,渡口铁牛,https://piao.qunar.com/ticket/detail_1986495772.html?st=a3clM0QlRTUlQjElQjElRTglQTUlQkYlMjZpZCUzRDE1NDU0JTI2dHlwZSUzRDAlMjZpZHglM0QxMTIlMjZxdCUzRCUyNmFwayUzRDIlMjZzYyUzRFdXVyUyNnVyJTNEJUU2JTk5JThCJUU0JUI4JUFEJTI2bHIlM0QlRTYlOTklOEIlRTQlQjglQUQlMjZmdCUzRCU3QiU3RCUyNnN0JTNEcHU%3D#from=mpl_search_suggest
名邸温泉,,山西・吕梁・孝义,吕梁市孝义市迎宾路金晖盛世名邸15号楼,4.7,,孝义名邸温泉酒店是由山西名企金晖集团投资兴建的孝义新业态休闲养生酒店，独有的生态浴场、都市温泉、养生汗蒸、休闲娱乐让您一,https://piao.qunar.com/ticket/detail_1090623301.html?st=a3clM0QlRTUlQjElQjElRTglQTUlQkYlMjZpZCUzRDUwNDE5MSUyNnR5cGUlM0QwJTI2aWR4JTNEMTEzJTI2cXQlM0QlMjZhcGslM0QyJTI2c2MlM0RXV1clMjZ1ciUzRCVFNiU5OSU4QiVFNCVCOCVBRCUyNmxyJTNEJUU2JTk5JThCJUU0JUI4JUFEJTI2ZnQlM0QlN0IlN0QlMjZzdCUzRHB1#from=mpl_search_suggest
华门,4A景区,山西・临汾・尧都区,山西省临汾市尧都区尧庙镇尧都大道,4.7,35,纪念帝尧统一华夏的功绩,https://piao.qunar.com/ticket/detail_1574995318.html?st=a3clM0QlRTUlQjElQjElRTglQTUlQkYlMjZpZCUzRDM1MTcxJTI2dHlwZSUzRDAlMjZpZHglM0QxMTQlMjZxdCUzRCUyNmFwayUzRDIlMjZzYyUzRFdXVyUyNnVyJTNEJUU2JTk5JThCJUU0JUI4JUFEJTI2bHIlM0QlRTYlOTklOEIlRTQlQjglQUQlMjZmdCUzRCU3QiU3RCUyNnN0JTNEcHU%3D#from=mpl_search_suggest
池神庙,,山西・运城・盐湖区,山西省运城市盐湖区解放南路386号,5,39.9,歇山式屋顶，雕梁画栋，精致壮观,https://piao.qunar.com/ticket/detail_1669545715.html?st=a3clM0QlRTUlQjElQjElRTglQTUlQkYlMjZpZCUzRDk4NiUyNnR5cGUlM0QwJTI2aWR4JTNEMTE1JTI2cXQlM0QlMjZhcGslM0QyJTI2c2MlM0RXV1clMjZ1ciUzRCVFNiU5OSU4QiVFNCVCOCVBRCUyNmxyJTNEJUU2JTk5JThCJUU0JUI4JUFEJTI2ZnQlM0QlN0IlN0QlMjZzdCUzRHB1#from=mpl_search_suggest
大阳古镇,4A景区,山西・晋城・泽州县,山西省晋城市泽州县大阳镇大东线南侧,5,55,秦汉以来中国古城镇的活化石,https://piao.qunar.com/ticket/detail_3673707204.html?st=a3clM0QlRTUlQjElQjElRTglQTUlQkYlMjZpZCUzRDQ2Nzg0NyUyNnR5cGUlM0QwJTI2aWR4JTNEMTE2JTI2cXQlM0QlMjZhcGslM0QyJTI2c2MlM0RXV1clMjZ1ciUzRCVFNiU5OSU4QiVFNCVCOCVBRCUyNmxyJTNEJUU2JTk5JThCJUU0JUI4JUFEJTI2ZnQlM0QlN0IlN0QlMjZzdCUzRHB1#from=mpl_search_suggest
河东盐池文化博览园,,山西・运城・盐湖区,运城市盐湖区解放南路,5,39.9,,https://piao.qunar.com/ticket/detail_1597362463.html?st=a3clM0QlRTUlQjElQjElRTglQTUlQkYlMjZpZCUzRDUyODI2MCUyNnR5cGUlM0QwJTI2aWR4JTNEMTE3JTI2cXQlM0QlMjZhcGslM0QyJTI2c2MlM0RXV1clMjZ1ciUzRCVFNiU5OSU4QiVFNCVCOCVBRCUyNmxyJTNEJUU2JTk5JThCJUU0JUI4JUFEJTI2ZnQlM0QlN0IlN0QlMjZzdCUzRHB1#from=mpl_search_suggest
千渡长江美术馆,,山西・太原・杏花岭区,山西省太原市杏花岭区杏岭实验学校东300米长盛苑对面,5,38,千渡长江美术馆位于太原东北向的长江村旧址上。城镇化浪潮推平了长江村70多年的历史和它的自然地势，随着城中村的历史变迁，大,https://piao.qunar.com/ticket/detail_2393303897.html?st=a3clM0QlRTUlQjElQjElRTglQTUlQkYlMjZpZCUzRDUxMzIyMCUyNnR5cGUlM0QwJTI2aWR4JTNEMTE4JTI2cXQlM0QlMjZhcGslM0QyJTI2c2MlM0RXV1clMjZ1ciUzRCVFNiU5OSU4QiVFNCVCOCVBRCUyNmxyJTNEJUU2JTk5JThCJUU0JUI4JUFEJTI2ZnQlM0QlN0IlN0QlMjZzdCUzRHB1#from=mpl_search_suggest
新绛县绛州署景区,,山西・运城・新绛县,运城市新绛县衙坡上1号,4.7,128,,https://piao.qunar.com/ticket/detail_2312199891.html?st=a3clM0QlRTUlQjElQjElRTglQTUlQkYlMjZpZCUzRDUzMzY2NSUyNnR5cGUlM0QwJTI2aWR4JTNEMTE5JTI2cXQlM0QlMjZhcGslM0QyJTI2c2MlM0RXV1clMjZ1ciUzRCVFNiU5OSU4QiVFNCVCOCVBRCUyNmxyJTNEJUU2JTk5JThCJUU0JUI4JUFEJTI2ZnQlM0QlN0IlN0QlMjZzdCUzRHB1#from=mpl_search_suggest
柳氏民居,4A景区,山西・晋城・沁水县,山西省晋城市沁水县土沃乡西文兴村,4.7,60,带你领略柳氏民居的建筑风格与特色,https://piao.qunar.com/ticket/detail_907317852.html?st=a3clM0QlRTUlQjElQjElRTglQTUlQkYlMjZpZCUzRDExNzY1JTI2dHlwZSUzRDAlMjZpZHglM0QxMjAlMjZxdCUzRCUyNmFwayUzRDIlMjZzYyUzRFdXVyUyNnVyJTNEJUU2JTk5JThCJUU0JUI4JUFEJTI2bHIlM0QlRTYlOTklOEIlRTQlQjglQUQlMjZmdCUzRCU3QiU3RCUyNnN0JTNEcHU%3D#from=mpl_search_suggest
九龙山景区,,山西・运城・盐湖区,山西省运城市盐湖区东郭镇磨河村,4.7,20,欣赏北魏摩崖石刻,https://piao.qunar.com/ticket/detail_3509654631.html?st=a3clM0QlRTUlQjElQjElRTglQTUlQkYlMjZpZCUzRDUyMjEwNyUyNnR5cGUlM0QwJTI2aWR4JTNEMTM2JTI2cXQlM0QlMjZhcGslM0QyJTI2c2MlM0RXV1clMjZ1ciUzRCVFNiU5OSU4QiVFNCVCOCVBRCUyNmxyJTNEJUU2JTk5JThCJUU0JUI4JUFEJTI2ZnQlM0QlN0IlN0QlMjZzdCUzRHB1#from=mpl_search_suggest
河边民俗博物馆,4A景区,山西・忻州・定襄县,山西省忻州市定襄县河边镇河一村,4.8,48,晋北清末民初独特民俗文化,https://piao.qunar.com/ticket/detail_2160975357.html?st=a3clM0QlRTUlQjElQjElRTglQTUlQkYlMjZpZCUzRDM4NzI2JTI2dHlwZSUzRDAlMjZpZHglM0QxMzclMjZxdCUzRCUyNmFwayUzRDIlMjZzYyUzRFdXVyUyNnVyJTNEJUU2JTk5JThCJUU0JUI4JUFEJTI2bHIlM0QlRTYlOTklOEIlRTQlQjglQUQlMjZmdCUzRCU3QiU3RCUyNnN0JTNEcHU%3D#from=mpl_search_suggest
海迪尼欢乐园,,山西・太原・万柏林区,山西省太原市万柏林区西矿街168号巅峰国际生活广场负一层,5,48,馆内包含溶洞馆，波斯文明主题馆，玛雅文明主题馆，海底文明主题馆，恐龙馆，鳄鱼馆，爬行动物馆，水生动物馆，珍鸟馆，酷炫蝴蝶,https://piao.qunar.com/ticket/detail_2229553865.html?st=a3clM0QlRTUlQjElQjElRTglQTUlQkYlMjZpZCUzRDUxMTg4OSUyNnR5cGUlM0QwJTI2aWR4JTNEMTM4JTI2cXQlM0QlMjZhcGslM0QyJTI2c2MlM0RXV1clMjZ1ciUzRCVFNiU5OSU4QiVFNCVCOCVBRCUyNmxyJTNEJUU2JTk5JThCJUU0JUI4JUFEJTI2ZnQlM0QlN0IlN0QlMjZzdCUzRHB1#from=mpl_search_suggest
金沙滩生态旅游区,4A景区,山西・朔州・怀仁县,山西省朔州市怀仁市206省道,5,40,听杨家将故事，品佛教文化,https://piao.qunar.com/ticket/detail_550697758.html?st=a3clM0QlRTUlQjElQjElRTglQTUlQkYlMjZpZCUzRDQ2Nzk5OSUyNnR5cGUlM0QwJTI2aWR4JTNEMTM5JTI2cXQlM0QlMjZhcGslM0QyJTI2c2MlM0RXV1clMjZ1ciUzRCVFNiU5OSU4QiVFNCVCOCVBRCUyNmxyJTNEJUU2JTk5JThCJUU0JUI4JUFEJTI2ZnQlM0QlN0IlN0QlMjZzdCUzRHB1#from=mpl_search_suggest
九女仙湖,,山西・晋城・阳城县,山西省晋城市阳城县北留镇头南村,4.6,29.9,以湖中耸立的巨石奇观得名,https://piao.qunar.com/ticket/detail_3109264039.html?st=a3clM0QlRTUlQjElQjElRTglQTUlQkYlMjZpZCUzRDM1MDU4JTI2dHlwZSUzRDAlMjZpZHglM0QxNDAlMjZxdCUzRCUyNmFwayUzRDIlMjZzYyUzRFdXVyUyNnVyJTNEJUU2JTk5JThCJUU0JUI4JUFEJTI2bHIlM0QlRTYlOTklOEIlRTQlQjglQUQlMjZmdCUzRCU3QiU3RCUyNnN0JTNEcHU%3D#from=mpl_search_suggest
天龙山景区,,山西・太原・晋源区,太原市晋源区晋祠镇天龙山公路,4.8,50,欣赏隋唐时期的精美洞窟,https://piao.qunar.com/ticket/detail_1637874726.html?st=a3clM0QlRTUlQjElQjElRTglQTUlQkYlMjZpZCUzRDE0MTMyJTI2dHlwZSUzRDAlMjZpZHglM0QxNDElMjZxdCUzRCUyNmFwayUzRDIlMjZzYyUzRFdXVyUyNnVyJTNEJUU2JTk5JThCJUU0JUI4JUFEJTI2bHIlM0QlRTYlOTklOEIlRTQlQjglQUQlMjZmdCUzRCU3QiU3RCUyNnN0JTNEcHU%3D#from=mpl_search_suggest
临汾海昌海洋探索馆,,山西・临汾・尧都区,山西省临汾市尧都区尧都大道临汾海洋乐园,5,9.9,,https://piao.qunar.com/ticket/detail_3879339243.html?st=a3clM0QlRTUlQjElQjElRTglQTUlQkYlMjZpZCUzRDUyMTUwNyUyNnR5cGUlM0QwJTI2aWR4JTNEMTQyJTI2cXQlM0QlMjZhcGslM0QyJTI2c2MlM0RXV1clMjZ1ciUzRCVFNiU5OSU4QiVFNCVCOCVBRCUyNmxyJTNEJUU2JTk5JThCJUU0JUI4JUFEJTI2ZnQlM0QlN0IlN0QlMjZzdCUzRHB1#from=mpl_search_suggest
关帝祖庙,,山西・运城・盐湖区,运城市解州镇西关解州关帝庙内,5,128,,https://piao.qunar.com/ticket/detail_3654907366.html?st=a3clM0QlRTUlQjElQjElRTglQTUlQkYlMjZpZCUzRDUyMTMxMiUyNnR5cGUlM0QwJTI2aWR4JTNEMTQzJTI2cXQlM0QlMjZhcGslM0QyJTI2c2MlM0RXV1clMjZ1ciUzRCVFNiU5OSU4QiVFNCVCOCVBRCUyNmxyJTNEJUU2JTk5JThCJUU0JUI4JUFEJTI2ZnQlM0QlN0IlN0QlMjZzdCUzRHB1#from=mpl_search_suggest
怀仁清凉山冰雪场,,山西・朔州・怀仁县,怀仁北路52号清凉山冰雪场,4.7,19.9,,https://piao.qunar.com/ticket/detail_5660912.html?st=a3clM0QlRTUlQjElQjElRTglQTUlQkYlMjZpZCUzRDUzMTc1NCUyNnR5cGUlM0QwJTI2aWR4JTNEMTQ0JTI2cXQlM0QlMjZhcGslM0QyJTI2c2MlM0RXV1clMjZ1ciUzRCVFNiU5OSU4QiVFNCVCOCVBRCUyNmxyJTNEJUU2JTk5JThCJUU0JUI4JUFEJTI2ZnQlM0QlN0IlN0QlMjZzdCUzRHB1#from=mpl_search_suggest
海会书院,4A景区,山西・晋城・阳城县,山西省晋城市阳城县海会寺景管理处,4.7,30,千年古刹，一览太行美景,https://piao.qunar.com/ticket/detail_471542022.html?st=a3clM0QlRTUlQjElQjElRTglQTUlQkYlMjZpZCUzRDQ2MDUlMjZ0eXBlJTNEMCUyNmlkeCUzRDE0NSUyNnF0JTNEJTI2YXBrJTNEMiUyNnNjJTNEV1dXJTI2dXIlM0QlRTYlOTklOEIlRTQlQjglQUQlMjZsciUzRCVFNiU5OSU4QiVFNCVCOCVBRCUyNmZ0JTNEJTdCJTdEJTI2c3QlM0RwdQ%3D%3D#from=mpl_search_suggest
沙沙哗啦海洋馆,,山西・太原,山西省太原市小店区学府街132号华宇百花谷F2,5,25,五彩缤纷海底世界，等你来探索,https://piao.qunar.com/ticket/detail_924509296.html?st=a3clM0QlRTUlQjElQjElRTglQTUlQkYlMjZpZCUzRDQ3MDMxNiUyNnR5cGUlM0QwJTI2aWR4JTNEMTQ2JTI2cXQlM0QlMjZhcGslM0QyJTI2c2MlM0RXV1clMjZ1ciUzRCVFNiU5OSU4QiVFNCVCOCVBRCUyNmxyJTNEJUU2JTk5JThCJUU0JUI4JUFEJTI2ZnQlM0QlN0IlN0QlMjZzdCUzRHB1#from=mpl_search_suggest
曲沃县春秋晋国城景区,,山西・临汾・曲沃县,山西省临汾市曲沃县史村镇浍河水库北岸春秋晋国城景区,5,23.8,赏古建筑，感受晋国文化,https://piao.qunar.com/ticket/detail_269885440.html?st=a3clM0QlRTUlQjElQjElRTglQTUlQkYlMjZpZCUzRDUxMDM5NyUyNnR5cGUlM0QwJTI2aWR4JTNEMTQ3JTI2cXQlM0QlMjZhcGslM0QyJTI2c2MlM0RXV1clMjZ1ciUzRCVFNiU5OSU4QiVFNCVCOCVBRCUyNmxyJTNEJUU2JTk5JThCJUU0JUI4JUFEJTI2ZnQlM0QlN0IlN0QlMjZzdCUzRHB1#from=mpl_search_suggest
砥洎城,,山西・晋城・阳城县,山西省晋城市阳城县润城镇润城村广场往北100米,4.7,7,城呈椭圆形,https://piao.qunar.com/ticket/detail_3353549765.html?st=a3clM0QlRTUlQjElQjElRTglQTUlQkYlMjZpZCUzRDUwNDk3OCUyNnR5cGUlM0QwJTI2aWR4JTNEMTQ4JTI2cXQlM0QlMjZhcGslM0QyJTI2c2MlM0RXV1clMjZ1ciUzRCVFNiU5OSU4QiVFNCVCOCVBRCUyNmxyJTNEJUU2JTk5JThCJUU0JUI4JUFEJTI2ZnQlM0QlN0IlN0QlMjZzdCUzRHB1#from=mpl_search_suggest
太原市博物馆,,山西・太原・晋源区,山西省太原市晋源区长风商务区广经路13号,4.7,58,文化岛大平台广场上的标志性建筑,https://piao.qunar.com/ticket/detail_640399774.html?st=a3clM0QlRTUlQjElQjElRTglQTUlQkYlMjZpZCUzRDUyNTA1MSUyNnR5cGUlM0QwJTI2aWR4JTNEMTQ5JTI2cXQlM0QlMjZhcGslM0QyJTI2c2MlM0RXV1clMjZ1ciUzRCVFNiU5OSU4QiVFNCVCOCVBRCUyNmxyJTNEJUU2JTk5JThCJUU0JUI4JUFEJTI2ZnQlM0QlN0IlN0QlMjZzdCUzRHB1#from=mpl_search_suggest
老车文化博物馆,,山西・太原・小店区,太原市小店区经济技术开发区正阳街36号,5,29.9,馆内收集老车等藏品上千件,https://piao.qunar.com/ticket/detail_3308450252.html?st=a3clM0QlRTUlQjElQjElRTglQTUlQkYlMjZpZCUzRDQ2NjY0NiUyNnR5cGUlM0QwJTI2aWR4JTNEMTUwJTI2cXQlM0QlMjZhcGslM0QyJTI2c2MlM0RXV1clMjZ1ciUzRCVFNiU5OSU4QiVFNCVCOCVBRCUyNmxyJTNEJUU2JTk5JThCJUU0JUI4JUFEJTI2ZnQlM0QlN0IlN0QlMjZzdCUzRHB1#from=mpl_search_suggest
林海驼峰风景区,,山西・忻州・五台县,忻州市五台县门限石乡材林里,5,,,https://piao.qunar.com/ticket/detail_3562334560.html?st=a3clM0QlRTUlQjElQjElRTglQTUlQkYlMjZpZCUzRDUyNzc5OCUyNnR5cGUlM0QwJTI2aWR4JTNEMTk2JTI2cXQlM0QlMjZhcGslM0QyJTI2c2MlM0RXV1clMjZ1ciUzRCVFNiU5OSU4QiVFNCVCOCVBRCUyNmxyJTNEJUU2JTk5JThCJUU0JUI4JUFEJTI2ZnQlM0QlN0IlN0QlMjZzdCUzRHB1#from=mpl_search_suggest
右玉杀虎口,,山西・朔州・右玉县,朔州市右玉县杀虎口村,5,,登临古长城，探访古战场,https://piao.qunar.com/ticket/detail_2119118576.html?st=a3clM0QlRTUlQjElQjElRTglQTUlQkYlMjZpZCUzRDEzODA4JTI2dHlwZSUzRDAlMjZpZHglM0QxOTclMjZxdCUzRCUyNmFwayUzRDIlMjZzYyUzRFdXVyUyNnVyJTNEJUU2JTk5JThCJUU0JUI4JUFEJTI2bHIlM0QlRTYlOTklOEIlRTQlQjglQUQlMjZmdCUzRCU3QiU3RCUyNnN0JTNEcHU%3D#from=mpl_search_suggest
狮子岛冒险城（长治路店）,,山西・太原・小店区,山西省太原市小店区长治路世贸中心3层,4.7,,促进儿童体能、智能发展的加油站,https://piao.qunar.com/ticket/detail_1794119927.html?st=a3clM0QlRTUlQjElQjElRTglQTUlQkYlMjZpZCUzRDIwMjA1MSUyNnR5cGUlM0QwJTI2aWR4JTNEMTk4JTI2cXQlM0QlMjZhcGslM0QyJTI2c2MlM0RXV1clMjZ1ciUzRCVFNiU5OSU4QiVFNCVCOCVBRCUyNmxyJTNEJUU2JTk5JThCJUU0JUI4JUFEJTI2ZnQlM0QlN0IlN0QlMjZzdCUzRHB1#from=mpl_search_suggest
舜帝陵,4A景区,山西・运城・盐湖区,山西省运城市盐湖区北相镇西曲马村,4.3,20,三皇五帝之一的舜帝陵园,https://piao.qunar.com/ticket/detail_3661423256.html?st=a3clM0QlRTUlQjElQjElRTglQTUlQkYlMjZpZCUzRDY2OTYlMjZ0eXBlJTNEMCUyNmlkeCUzRDE5OSUyNnF0JTNEJTI2YXBrJTNEMiUyNnNjJTNEV1dXJTI2dXIlM0QlRTYlOTklOEIlRTQlQjglQUQlMjZsciUzRCVFNiU5OSU4QiVFNCVCOCVBRCUyNmZ0JTNEJTdCJTdEJTI2c3QlM0RwdQ%3D%3D#from=mpl_search_suggest
小尖山,,山西・晋城・阳城县,山西省晋城市阳城县横河镇与董封境内,4.7,10,千沟万壑烟村雾树尽收眼底,https://piao.qunar.com/ticket/detail_265266266.html?st=a3clM0QlRTUlQjElQjElRTglQTUlQkYlMjZpZCUzRDIxNTE1MSUyNnR5cGUlM0QwJTI2aWR4JTNEMjAwJTI2cXQlM0QlMjZhcGslM0QyJTI2c2MlM0RXV1clMjZ1ciUzRCVFNiU5OSU4QiVFNCVCOCVBRCUyNmxyJTNEJUU2JTk5JThCJUU0JUI4JUFEJTI2ZnQlM0QlN0IlN0QlMjZzdCUzRHB1#from=mpl_search_suggest
人祖山景区,4A景区,山西・临汾・古县,临汾市吉县屯里镇桃园村口,4.4,,植被丰富，山中诸多庙宇,https://piao.qunar.com/ticket/detail_3100068432.html?st=a3clM0QlRTUlQjElQjElRTglQTUlQkYlMjZpZCUzRDE0NDUzJTI2dHlwZSUzRDAlMjZpZHglM0QyMDElMjZxdCUzRCUyNmFwayUzRDIlMjZzYyUzRFdXVyUyNnVyJTNEJUU2JTk5JThCJUU0JUI4JUFEJTI2bHIlM0QlRTYlOTklOEIlRTQlQjglQUQlMjZmdCUzRCU3QiU3RCUyNnN0JTNEcHU%3D#from=mpl_search_suggest
王琼故里文化街,,山西・太原,刘家堡村,5,,,https://piao.qunar.com/ticket/detail_766303720.html?st=a3clM0QlRTUlQjElQjElRTglQTUlQkYlMjZpZCUzRDUxNzA5MiUyNnR5cGUlM0QwJTI2aWR4JTNEMjAyJTI2cXQlM0QlMjZhcGslM0QyJTI2c2MlM0RXV1clMjZ1ciUzRCVFNiU5OSU4QiVFNCVCOCVBRCUyNmxyJTNEJUU2JTk5JThCJUU0JUI4JUFEJTI2ZnQlM0QlN0IlN0QlMjZzdCUzRHB1#from=mpl_search_suggest
玛雅奇迹乐园沙雕馆,,山西・太原・阳曲县,山西省太原市阳曲县西凌井韩庄,4.7,,为了丰富春节过年生活，追寻浓浓的年味；由融汇达集团旗下太原凌井沟水上乐园有限责任公司继山西首届极地冰雕艺术节后重磅打造的,https://piao.qunar.com/ticket/detail_1679015266.html?st=a3clM0QlRTUlQjElQjElRTglQTUlQkYlMjZpZCUzRDIwMTI0MiUyNnR5cGUlM0QwJTI2aWR4JTNEMjAzJTI2cXQlM0QlMjZhcGslM0QyJTI2c2MlM0RXV1clMjZ1ciUzRCVFNiU5OSU4QiVFNCVCOCVBRCUyNmxyJTNEJUU2JTk5JThCJUU0JUI4JUFEJTI2ZnQlM0QlN0IlN0QlMjZzdCUzRHB1#from=mpl_search_suggest
壶口・花世界,,山西・临汾,山西省临汾市吉县壶口镇G309(青兰线),4.7,,,https://piao.qunar.com/ticket/detail_289710559.html?st=a3clM0QlRTUlQjElQjElRTglQTUlQkYlMjZpZCUzRDUyMDEyNSUyNnR5cGUlM0QwJTI2aWR4JTNEMjA0JTI2cXQlM0QlMjZhcGslM0QyJTI2c2MlM0RXV1clMjZ1ciUzRCVFNiU5OSU4QiVFNCVCOCVBRCUyNmxyJTNEJUU2JTk5JThCJUU0JUI4JUFEJTI2ZnQlM0QlN0IlN0QlMjZzdCUzRHB1#from=mpl_search_suggest
山西大剧院,,山西・太原,山西太原市长风商务区文化岛,,,是统领全岛建筑风格的城市地标,https://piao.qunar.com/ticket/detail_1770979975.html?st=a3clM0QlRTUlQjElQjElRTglQTUlQkYlMjZpZCUzRDIxMzk3MiUyNnR5cGUlM0QwJTI2aWR4JTNEMjA1JTI2cXQlM0QlMjZhcGslM0QyJTI2c2MlM0RXV1clMjZ1ciUzRCVFNiU5OSU4QiVFNCVCOCVBRCUyNmxyJTNEJUU2JTk5JThCJUU0JUI4JUFEJTI2ZnQlM0QlN0IlN0QlMjZzdCUzRHB1#from=mpl_search_suggest
运城万荣西滩,,山西・运城・万荣县,运城市万荣西滩景区,4.1,,河谷宽阔，芦苇茂密,https://piao.qunar.com/ticket/detail_925520808.html?st=a3clM0QlRTUlQjElQjElRTglQTUlQkYlMjZpZCUzRDM3MDYzJTI2dHlwZSUzRDAlMjZpZHglM0QyMDYlMjZxdCUzRCUyNmFwayUzRDIlMjZzYyUzRFdXVyUyNnVyJTNEJUU2JTk5JThCJUU0JUI4JUFEJTI2bHIlM0QlRTYlOTklOEIlRTQlQjglQUQlMjZmdCUzRCU3QiU3RCUyNnN0JTNEcHU%3D#from=mpl_search_suggest
天际冰雪速道,,山西・太原・晋源区,山西省太原市晋源区神堂沟北路天际赛车场院内,,,,https://piao.qunar.com/ticket/detail_3115319678.html?st=a3clM0QlRTUlQjElQjElRTglQTUlQkYlMjZpZCUzRDUzOTE1MiUyNnR5cGUlM0QwJTI2aWR4JTNEMjA3JTI2cXQlM0QlMjZhcGslM0QyJTI2c2MlM0RXV1clMjZ1ciUzRCVFNiU5OSU4QiVFNCVCOCVBRCUyNmxyJTNEJUU2JTk5JThCJUU0JUI4JUFEJTI2ZnQlM0QlN0IlN0QlMjZzdCUzRHB1#from=mpl_search_suggest
《寻梦莲花湾》,,山西・晋中・榆次区,晋中市榆次区锦东大道潇河文艺小镇莲花广场,,,,https://piao.qunar.com/ticket/detail_1109295517.html?st=a3clM0QlRTUlQjElQjElRTglQTUlQkYlMjZpZCUzRDUzMTMwMSUyNnR5cGUlM0QwJTI2aWR4JTNEMjA4JTI2cXQlM0QlMjZhcGslM0QyJTI2c2MlM0RXV1clMjZ1ciUzRCVFNiU5OSU4QiVFNCVCOCVBRCUyNmxyJTNEJUU2JTk5JThCJUU0JUI4JUFEJTI2ZnQlM0QlN0IlN0QlMjZzdCUzRHB1#from=mpl_search_suggest
南茹八路军总部旧址,,山西・忻州・五台县,山西省忻州市五台县,,,周恩来在会上作讲话，阐述抗日十大纲领,https://piao.qunar.com/ticket/detail_2362153296.html?st=a3clM0QlRTUlQjElQjElRTglQTUlQkYlMjZpZCUzRDEwODk3JTI2dHlwZSUzRDAlMjZpZHglM0QyMDklMjZxdCUzRCUyNmFwayUzRDIlMjZzYyUzRFdXVyUyNnVyJTNEJUU2JTk5JThCJUU0JUI4JUFEJTI2bHIlM0QlRTYlOTklOEIlRTQlQjglQUQlMjZmdCUzRCU3QiU3RCUyNnN0JTNEcHU%3D#from=mpl_search_suggest
唐回漂流,,山西・运城・夏县,山西省运城市夏县唐回村,3.5,,挑战极限，令游人流连忘返，避暑度假宝地,https://piao.qunar.com/ticket/detail_2185089722.html?st=a3clM0QlRTUlQjElQjElRTglQTUlQkYlMjZpZCUzRDQxMDgwJTI2dHlwZSUzRDAlMjZpZHglM0QyMTAlMjZxdCUzRCUyNmFwayUzRDIlMjZzYyUzRFdXVyUyNnVyJTNEJUU2JTk5JThCJUU0JUI4JUFEJTI2bHIlM0QlRTYlOTklOEIlRTQlQjglQUQlMjZmdCUzRCU3QiU3RCUyNnN0JTNEcHU%3D#from=mpl_search_suggest
赵杲观景区,3A景区,山西・忻州・代县,忻州市代县城外约23公里处的天台山沟掌里,,,,https://piao.qunar.com/ticket/detail_954008192.html?st=a3clM0QlRTUlQjElQjElRTglQTUlQkYlMjZpZCUzRDUzNTAxMSUyNnR5cGUlM0QwJTI2aWR4JTNEMjU2JTI2cXQlM0QlMjZhcGslM0QyJTI2c2MlM0RXV1clMjZ1ciUzRCVFNSVBNCVBQSVFNSU4RSU5RiUyNmxyJTNEJUU1JUE0JUFBJUU1JThFJTlGJTI2ZnQlM0QlN0IlN0QlMjZzdCUzRHB1#from=mpl_search_suggest
塔尔坡古村,,山西・临汾・云丘山景区,山西市临汾市云丘山旅游风景区,,,塔尔坡古村因位于神仙峪内神塔附近而得名。此村落已有1500多年的历史了，村里共有二十多个院落，依山而建，有穴居土窑洞、碹,https://piao.qunar.com/ticket/detail_1076091501.html?st=a3clM0QlRTUlQjElQjElRTglQTUlQkYlMjZpZCUzRDE4ODcwNCUyNnR5cGUlM0QwJTI2aWR4JTNEMjU3JTI2cXQlM0QlMjZhcGslM0QyJTI2c2MlM0RXV1clMjZ1ciUzRCVFNSVBNCVBQSVFNSU4RSU5RiUyNmxyJTNEJUU1JUE0JUFBJUU1JThFJTlGJTI2ZnQlM0QlN0IlN0QlMjZzdCUzRHB1#from=mpl_search_suggest
武则天纪念馆,,山西・吕梁・文水县,山西省吕梁市文水县南徐村北部,4.6,7,面积为2.6万平方米,https://piao.qunar.com/ticket/detail_1757531618.html?st=a3clM0QlRTUlQjElQjElRTglQTUlQkYlMjZpZCUzRDEzNjIlMjZ0eXBlJTNEMCUyNmlkeCUzRDI1OCUyNnF0JTNEJTI2YXBrJTNEMiUyNnNjJTNEV1dXJTI2dXIlM0QlRTUlQTQlQUElRTUlOEUlOUYlMjZsciUzRCVFNSVBNCVBQSVFNSU4RSU5RiUyNmZ0JTNEJTdCJTdEJTI2c3QlM0RwdQ%3D%3D#from=mpl_search_suggest
赵杲观,,山西・忻州・代县,山西忻州。,4,,佛教僧侣居住处,https://piao.qunar.com/ticket/detail_1800294531.html?st=a3clM0QlRTUlQjElQjElRTglQTUlQkYlMjZpZCUzRDY1ODMlMjZ0eXBlJTNEMCUyNmlkeCUzRDI1OSUyNnF0JTNEJTI2YXBrJTNEMiUyNnNjJTNEV1dXJTI2dXIlM0QlRTUlQTQlQUElRTUlOEUlOUYlMjZsciUzRCVFNSVBNCVBQSVFNSU4RSU5RiUyNmZ0JTNEJTdCJTdEJTI2c3QlM0RwdQ%3D%3D#from=mpl_search_suggest
情人谷,,山西・忻州・芦芽山,山西省忻州市宁武县思源大街1号芦芽山景区内,4.1,,清泉四季不涸，连珠潭诸多,https://piao.qunar.com/ticket/detail_4070365398.html?st=a3clM0QlRTUlQjElQjElRTglQTUlQkYlMjZpZCUzRDIxODE3JTI2dHlwZSUzRDAlMjZpZHglM0QyNjAlMjZxdCUzRCUyNmFwayUzRDIlMjZzYyUzRFdXVyUyNnVyJTNEJUU1JUE0JUFBJUU1JThFJTlGJTI2bHIlM0QlRTUlQTQlQUElRTUlOEUlOUYlMjZmdCUzRCU3QiU3RCUyNnN0JTNEcHU%3D#from=mpl_search_suggest
小黄人主题乐园,,山西・太原・迎泽区,太原市解放路万达广场万达不夜城（万达文华酒店背后）西北角,,,为给孩子提供了一个无忧无虑的娱乐场所,https://piao.qunar.com/ticket/detail_4215226353.html?st=a3clM0QlRTUlQjElQjElRTglQTUlQkYlMjZpZCUzRDQ2NjI5MiUyNnR5cGUlM0QwJTI2aWR4JTNEMjYxJTI2cXQlM0QlMjZhcGslM0QyJTI2c2MlM0RXV1clMjZ1ciUzRCVFNSVBNCVBQSVFNSU4RSU5RiUyNmxyJTNEJUU1JUE0JUFBJUU1JThFJTlGJTI2ZnQlM0QlN0IlN0QlMjZzdCUzRHB1#from=mpl_search_suggest
山西文旅数字体验馆,,山西・太原,山西省太原市小店区龙城大街102号山西文旅集团1层,5,49.9,"山西文旅数字体验馆是由山西文旅集团统筹投建的国内首座省级文旅融合数字展馆，是全国首批“国家旅游科技示范园区”。

该馆位",https://piao.qunar.com/ticket/detail_429042158.html?st=a3clM0QlRTUlQjElQjElRTglQTUlQkYlMjZpZCUzRDUxODIyMyUyNnR5cGUlM0QwJTI2aWR4JTNEMjYyJTI2cXQlM0QlMjZhcGslM0QyJTI2c2MlM0RXV1clMjZ1ciUzRCVFNSVBNCVBQSVFNSU4RSU5RiUyNmxyJTNEJUU1JUE0JUFBJUU1JThFJTlGJTI2ZnQlM0QlN0IlN0QlMjZzdCUzRHB1#from=mpl_search_suggest
元宇宙・喵星球玻璃悬空剧场,,山西・临汾・尧都区,临汾市尧都区常兴中街明珠金港,,,,https://piao.qunar.com/ticket/detail_3310400436.html?st=a3clM0QlRTUlQjElQjElRTglQTUlQkYlMjZpZCUzRDUyMTM3MSUyNnR5cGUlM0QwJTI2aWR4JTNEMjYzJTI2cXQlM0QlMjZhcGslM0QyJTI2c2MlM0RXV1clMjZ1ciUzRCVFNSVBNCVBQSVFNSU4RSU5RiUyNmxyJTNEJUU1JUE0JUFBJUU1JThFJTlGJTI2ZnQlM0QlN0IlN0QlMjZzdCUzRHB1#from=mpl_search_suggest
潘达星球,,山西・太原・迎泽区,山西省太原市迎泽区领航驾校内,,,山西太原较大的充气城堡主题乐园，十大主题城堡，单体面积达1000余平米。这是一家集合攀爬、弹跳、穿越、滚摸等多种玩法的充,https://piao.qunar.com/ticket/detail_2266654664.html?st=a3clM0QlRTUlQjElQjElRTglQTUlQkYlMjZpZCUzRDUxNjYwNyUyNnR5cGUlM0QwJTI2aWR4JTNEMjY0JTI2cXQlM0QlMjZhcGslM0QyJTI2c2MlM0RXV1clMjZ1ciUzRCVFNSVBNCVBQSVFNSU4RSU5RiUyNmxyJTNEJUU1JUE0JUFBJUU1JThFJTlGJTI2ZnQlM0QlN0IlN0QlMjZzdCUzRHB1#from=mpl_search_suggest
柠檬乐园,,山西・临汾・洪洞县,山西省临汾市洪洞县广胜寺镇东湾村,,39,洪洞东湾村柠檬乐园，占地面积20亩，位于洪洞县广胜寺镇旅游路边东湾村，主要为1-15岁的小朋友提供周末亲子度假和农业学习,https://piao.qunar.com/ticket/detail_11608417.html?st=a3clM0QlRTUlQjElQjElRTglQTUlQkYlMjZpZCUzRDUxNDg4OCUyNnR5cGUlM0QwJTI2aWR4JTNEMjY1JTI2cXQlM0QlMjZhcGslM0QyJTI2c2MlM0RXV1clMjZ1ciUzRCVFNSVBNCVBQSVFNSU4RSU5RiUyNmxyJTNEJUU1JUE0JUFBJUU1JThFJTlGJTI2ZnQlM0QlN0IlN0QlMjZzdCUzRHB1#from=mpl_search_suggest
云竹湖,,山西・晋中・榆社县,晋中市榆社县云竹镇云竹湖,5,,湖面广阔，四周土山环抱,https://piao.qunar.com/ticket/detail_3669927736.html?st=a3clM0QlRTUlQjElQjElRTglQTUlQkYlMjZpZCUzRDQ0ODQlMjZ0eXBlJTNEMCUyNmlkeCUzRDI2NiUyNnF0JTNEJTI2YXBrJTNEMiUyNnNjJTNEV1dXJTI2dXIlM0QlRTUlQTQlQUElRTUlOEUlOUYlMjZsciUzRCVFNSVBNCVBQSVFNSU4RSU5RiUyNmZ0JTNEJTdCJTdEJTI2c3QlM0RwdQ%3D%3D#from=mpl_search_suggest
小博士儿童乐园（世贸店）,,山西・太原・小店区,山西省太原市小店区长治路世贸中心3层南区,,,是儿童成长与智力开发的乐园,https://piao.qunar.com/ticket/detail_4074952696.html?st=a3clM0QlRTUlQjElQjElRTglQTUlQkYlMjZpZCUzRDIwMjA1MiUyNnR5cGUlM0QwJTI2aWR4JTNEMjY3JTI2cXQlM0QlMjZhcGslM0QyJTI2c2MlM0RXV1clMjZ1ciUzRCVFNSVBNCVBQSVFNSU4RSU5RiUyNmxyJTNEJUU1JUE0JUFBJUU1JThFJTlGJTI2ZnQlM0QlN0IlN0QlMjZzdCUzRHB1#from=mpl_search_suggest
天地线航空俱乐部,,山西・大同,御河东路通航产业园北岳机场,,,大同天地线航空俱乐部有限公司是山西境内一家具有热气球，动力三角翼，旋翼机培训资质单位。大同天地线航空俱乐部有限公司 是由,https://piao.qunar.com/ticket/detail_1359850829.html?st=a3clM0QlRTUlQjElQjElRTglQTUlQkYlMjZpZCUzRDUxMjMwNiUyNnR5cGUlM0QwJTI2aWR4JTNEMjY4JTI2cXQlM0QlMjZhcGslM0QyJTI2c2MlM0RXV1clMjZ1ciUzRCVFNSVBNCVBQSVFNSU4RSU5RiUyNmxyJTNEJUU1JUE0JUFBJUU1JThFJTlGJTI2ZnQlM0QlN0IlN0QlMjZzdCUzRHB1#from=mpl_search_suggest
欢乐岛海洋主题乐园,,山西・晋中・介休市,山西介休同至人购物中心四层,,,欢乐岛海洋主题乐园，极大的室内主题乐园，齐全的设备、环境舒适、干净，颠覆传统的游乐方式，尽在欢乐岛儿童乐园！随着城市化的,https://piao.qunar.com/ticket/detail_2793756300.html?st=a3clM0QlRTUlQjElQjElRTglQTUlQkYlMjZpZCUzRDE5NTI3MiUyNnR5cGUlM0QwJTI2aWR4JTNEMjY5JTI2cXQlM0QlMjZhcGslM0QyJTI2c2MlM0RXV1clMjZ1ciUzRCVFNSVBNCVBQSVFNSU4RSU5RiUyNmxyJTNEJUU1JUE0JUFBJUU1JThFJTlGJTI2ZnQlM0QlN0IlN0QlMjZzdCUzRHB1#from=mpl_search_suggest
荷花小镇旅游景区,,山西・临汾・襄汾县,山西省临汾市襄汾县燕村河滨南路荷花小镇旅游景区,,,,https://piao.qunar.com/ticket/detail_373478364.html?st=a3clM0QlRTUlQjElQjElRTglQTUlQkYlMjZpZCUzRDUxNDAzNiUyNnR5cGUlM0QwJTI2aWR4JTNEMjcwJTI2cXQlM0QlMjZhcGslM0QyJTI2c2MlM0RXV1clMjZ1ciUzRCVFNSVBNCVBQSVFNSU4RSU5RiUyNmxyJTNEJUU1JUE0JUFBJUU1JThFJTlGJTI2ZnQlM0QlN0IlN0QlMjZzdCUzRHB1#from=mpl_search_suggest
真村・花海村,,山西・临汾・吉县,山西省临汾市吉县真村村民委员会,,,,https://piao.qunar.com/ticket/detail_1342764122.html?st=a3clM0QlRTUlQjElQjElRTglQTUlQkYlMjZpZCUzRDUyOTkxNyUyNnR5cGUlM0QwJTI2aWR4JTNENDA2JTI2cXQlM0QlMjZhcGslM0QyJTI2c2MlM0RXV1clMjZ1ciUzRCVFNSVBNCVBQSVFNSU4RSU5RiUyNmxyJTNEJUU1JUE0JUFBJUU1JThFJTlGJTI2ZnQlM0QlN0IlN0QlMjZzdCUzRHB1#from=mpl_search_suggest
卧龙山国际滑雪场,,山西・大同・南郊区,山西省大同市平城区马军营街道小石子村,4.7,,感受冰雪带来的刺激与快乐,https://piao.qunar.com/ticket/detail_382077041.html?st=a3clM0QlRTUlQjElQjElRTglQTUlQkYlMjZpZCUzRDEzOTUxJTI2dHlwZSUzRDAlMjZpZHglM0Q0MDclMjZxdCUzRCUyNmFwayUzRDIlMjZzYyUzRFdXVyUyNnVyJTNEJUU1JUE0JUFBJUU1JThFJTlGJTI2bHIlM0QlRTUlQTQlQUElRTUlOEUlOUYlMjZmdCUzRCU3QiU3RCUyNnN0JTNEcHU%3D#from=mpl_search_suggest
什贴古镇,,山西・晋中・榆次区,山西省晋中市榆次区331县道,,,,https://piao.qunar.com/ticket/detail_974312371.html?st=a3clM0QlRTUlQjElQjElRTglQTUlQkYlMjZpZCUzRDUyOTkyMSUyNnR5cGUlM0QwJTI2aWR4JTNENDA4JTI2cXQlM0QlMjZhcGslM0QyJTI2c2MlM0RXV1clMjZ1ciUzRCVFNSVBNCVBQSVFNSU4RSU5RiUyNmxyJTNEJUU1JUE0JUFBJUU1JThFJTlGJTI2ZnQlM0QlN0IlN0QlMjZzdCUzRHB1#from=mpl_search_suggest
白登山,,山西・大同・大同县,山西省大同市大同县东五公里处,,,"也称小白登山，今名马铺山，位于大同城东五公里处。西临御河，东接采凉山，南傍张同公路，北靠方山。历史上白登之战正在此处。
",https://piao.qunar.com/ticket/detail_389691163.html?st=a3clM0QlRTUlQjElQjElRTglQTUlQkYlMjZpZCUzRDMwNzMlMjZ0eXBlJTNEMCUyNmlkeCUzRDQwOSUyNnF0JTNEJTI2YXBrJTNEMiUyNnNjJTNEV1dXJTI2dXIlM0QlRTUlQTQlQUElRTUlOEUlOUYlMjZsciUzRCVFNSVBNCVBQSVFNSU4RSU5RiUyNmZ0JTNEJTdCJTdEJTI2c3QlM0RwdQ%3D%3D#from=mpl_search_suggest
十王堂,,山西・运城・普救寺,山西省永济市蒲州镇西厢村普救寺,,,"十王堂位于普救寺中轴线之西侧，形制与罗汉堂相同并相对而立，一九九八年修复。
佛教说阴间有十王（即十殿阎罗王），堂内因塑有",https://piao.qunar.com/ticket/detail_3419965998.html?st=a3clM0QlRTUlQjElQjElRTglQTUlQkYlMjZpZCUzRDI2ODE0JTI2dHlwZSUzRDAlMjZpZHglM0Q0MTAlMjZxdCUzRCUyNmFwayUzRDIlMjZzYyUzRFdXVyUyNnVyJTNEJUU1JUE0JUFBJUU1JThFJTlGJTI2bHIlM0QlRTUlQTQlQUElRTUlOEUlOUYlMjZmdCUzRCU3QiU3RCUyNnN0JTNEcHU%3D#from=mpl_search_suggest
平遥广胜寺罗汉洞,,山西・晋中,晋中市平遥县梁村广胜寺,,,,https://piao.qunar.com/ticket/detail_440097484.html?st=a3clM0QlRTUlQjElQjElRTglQTUlQkYlMjZpZCUzRDUyMzI5OCUyNnR5cGUlM0QwJTI2aWR4JTNENDExJTI2cXQlM0QlMjZhcGslM0QyJTI2c2MlM0RXV1clMjZ1ciUzRCVFNSVBNCVBQSVFNSU4RSU5RiUyNmxyJTNEJUU1JUE0JUFBJUU1JThFJTlGJTI2ZnQlM0QlN0IlN0QlMjZzdCUzRHB1#from=mpl_search_suggest
第13窟,,山西・大同・云冈石窟,山西省大同市南郊区云冈石窟,,,表现出宗教艺术追求庄严富丽的效果,https://piao.qunar.com/ticket/detail_3988821922.html?st=a3clM0QlRTUlQjElQjElRTglQTUlQkYlMjZpZCUzRDIxMjQxJTI2dHlwZSUzRDAlMjZpZHglM0Q0MTIlMjZxdCUzRCUyNmFwayUzRDIlMjZzYyUzRFdXVyUyNnVyJTNEJUU1JUE0JUFBJUU1JThFJTlGJTI2bHIlM0QlRTUlQTQlQUElRTUlOEUlOUYlMjZmdCUzRCU3QiU3RCUyNnN0JTNEcHU%3D#from=mpl_search_suggest
朱家大院,,山西・临汾・霍州市,山西省临汾市霍州市许村,,,东临汾河腹地，西依吕梁余脉,https://piao.qunar.com/ticket/detail_2755222581.html?st=a3clM0QlRTUlQjElQjElRTglQTUlQkYlMjZpZCUzRDE4ODc0MCUyNnR5cGUlM0QwJTI2aWR4JTNENDEzJTI2cXQlM0QlMjZhcGslM0QyJTI2c2MlM0RXV1clMjZ1ciUzRCVFNSVBNCVBQSVFNSU4RSU5RiUyNmxyJTNEJUU1JUE0JUFBJUU1JThFJTlGJTI2ZnQlM0QlN0IlN0QlMjZzdCUzRHB1#from=mpl_search_suggest
太原海洋大世界,,山西・太原・迎泽区,山西省太原市迎泽区朝阳街39号同至人购物中心一楼北区N1001号,5,30,太原海洋大世界项目位于太原市迎泽区同至人购物中心，项目建筑面积2万方，包括海洋馆、亲子生活馆、水上嘉年华、趣味钓鱼岛、佩,https://piao.qunar.com/ticket/detail_716070985.html?st=a3clM0QlRTUlQjElQjElRTglQTUlQkYlMjZpZCUzRDUxMzk1MCUyNnR5cGUlM0QwJTI2aWR4JTNENDE0JTI2cXQlM0QlMjZhcGslM0QyJTI2c2MlM0RXV1clMjZ1ciUzRCVFNSVBNCVBQSVFNSU4RSU5RiUyNmxyJTNEJUU1JUE0JUFBJUU1JThFJTlGJTI2ZnQlM0QlN0IlN0QlMjZzdCUzRHB1#from=mpl_search_suggest
晋中爱情抖拍馆,,山西・晋中・榆次区,晋中市榆次区大学城田森汇商场北里3楼,,,一座城市，一个不可复制的艺术馆。拥有炫酷的场景和身临其境的沉浸式体验，是不可错过的潮人拍照圣地。,https://piao.qunar.com/ticket/detail_2607599708.html?st=a3clM0QlRTUlQjElQjElRTglQTUlQkYlMjZpZCUzRDUwNDUwMCUyNnR5cGUlM0QwJTI2aWR4JTNENDE1JTI2cXQlM0QlMjZhcGslM0QyJTI2c2MlM0RXV1clMjZ1ciUzRCVFNSVBNCVBQSVFNSU4RSU5RiUyNmxyJTNEJUU1JUE0JUFBJUU1JThFJTlGJTI2ZnQlM0QlN0IlN0QlMjZzdCUzRHB1#from=mpl_search_suggest
虹霁寺,,山西・晋中・介休市,山西省晋中市介休市义棠镇白岸村108国道北500米处银锭山公园山门内,,,,https://piao.qunar.com/ticket/detail_906266607.html?st=a3clM0QlRTUlQjElQjElRTglQTUlQkYlMjZpZCUzRDUyOTg3OCUyNnR5cGUlM0QwJTI2aWR4JTNENDE2JTI2cXQlM0QlMjZhcGslM0QyJTI2c2MlM0RXV1clMjZ1ciUzRCVFNSVBNCVBQSVFNSU4RSU5RiUyNmxyJTNEJUU1JUE0JUFBJUU1JThFJTlGJTI2ZnQlM0QlN0IlN0QlMjZzdCUzRHB1#from=mpl_search_suggest
朔州印象无动力亲子乐园,,山西・朔州・朔城区,山西省朔州市朔城区小平易乡朔神路祝家庄生态园西侧,,,,https://piao.qunar.com/ticket/detail_724367979.html?st=a3clM0QlRTUlQjElQjElRTglQTUlQkYlMjZpZCUzRDUzNDE1NyUyNnR5cGUlM0QwJTI2aWR4JTNENDE3JTI2cXQlM0QlMjZhcGslM0QyJTI2c2MlM0RXV1clMjZ1ciUzRCVFNSVBNCVBQSVFNSU4RSU5RiUyNmxyJTNEJUU1JUE0JUFBJUU1JThFJTlGJTI2ZnQlM0QlN0IlN0QlMjZzdCUzRHB1#from=mpl_search_suggest
前郝村,,山西・忻州・忻府区,山西省忻州市忻府区前郝村,,,文化底蕴丰富，是全国著名的跤乡,https://piao.qunar.com/ticket/detail_3286751888.html?st=a3clM0QlRTUlQjElQjElRTglQTUlQkYlMjZpZCUzRDE0NjEwJTI2dHlwZSUzRDAlMjZpZHglM0Q0MTglMjZxdCUzRCUyNmFwayUzRDIlMjZzYyUzRFdXVyUyNnVyJTNEJUU1JUE0JUFBJUU1JThFJTlGJTI2bHIlM0QlRTUlQTQlQUElRTUlOEUlOUYlMjZmdCUzRCU3QiU3RCUyNnN0JTNEcHU%3D#from=mpl_search_suggest
环球狂欢大马戏榆次万达馆,,山西・晋中・榆次区,晋中市榆次区龙湖大街与新建路十字路口万达广场一层,,,,https://piao.qunar.com/ticket/detail_1641079756.html?st=a3clM0QlRTUlQjElQjElRTglQTUlQkYlMjZpZCUzRDUyMzc5NiUyNnR5cGUlM0QwJTI2aWR4JTNENDE5JTI2cXQlM0QlMjZhcGslM0QyJTI2c2MlM0RXV1clMjZ1ciUzRCVFNSVBNCVBQSVFNSU4RSU5RiUyNmxyJTNEJUU1JUE0JUFBJUU1JThFJTlGJTI2ZnQlM0QlN0IlN0QlMjZzdCUzRHB1#from=mpl_search_suggest
龙门玻璃景观,,山西・运城・河津市,山西省运城市河津市禹门口明清小吃街停车场东间,,,黄河龙门高空玻璃景观位于山西省河津市龙门山“鲤鱼跃龙门”发祥地，景区共3万余平米，有水面高差200米玻璃景观台、高空滑索,https://piao.qunar.com/ticket/detail_2394109723.html?st=a3clM0QlRTUlQjElQjElRTglQTUlQkYlMjZpZCUzRDQ3NjE4OSUyNnR5cGUlM0QwJTI2aWR4JTNENDIwJTI2cXQlM0QlMjZhcGslM0QyJTI2c2MlM0RXV1clMjZ1ciUzRCVFNSVBNCVBQSVFNSU4RSU5RiUyNmxyJTNEJUU1JUE0JUFBJUU1JThFJTlGJTI2ZnQlM0QlN0IlN0QlMjZzdCUzRHB1#from=mpl_search_suggest
潞安府城隍庙,,山西・长治・潞州区,山西省长治市大北街庙道巷13号,3.4,,潞安府城隍庙位于山西省长治市大北街庙道巷。元至元二十二年创建，明弘治五年、清道光十四年重修。现存的城隍庙中大殿和角殿为元,https://piao.qunar.com/ticket/detail_724982853.html?st=a3clM0QlRTUlQjElQjElRTglQTUlQkYlMjZpZCUzRDE4ODY5OCUyNnR5cGUlM0QwJTI2aWR4JTNENDM2JTI2cXQlM0QlMjZhcGslM0QyJTI2c2MlM0RXV1clMjZ1ciUzRCVFNSVBNCVBQSVFNSU4RSU5RiUyNmxyJTNEJUU1JUE0JUFBJUU1JThFJTlGJTI2ZnQlM0QlN0IlN0QlMjZzdCUzRHB1#from=mpl_search_suggest
大同胜利休闲度假村,,山西・大同・阳高县,山西省大同市阳高县高县孤山村,,,如诗如画的田园景色,https://piao.qunar.com/ticket/detail_2018012028.html?st=a3clM0QlRTUlQjElQjElRTglQTUlQkYlMjZpZCUzRDQ2MDE1NyUyNnR5cGUlM0QwJTI2aWR4JTNENDM3JTI2cXQlM0QlMjZhcGslM0QyJTI2c2MlM0RXV1clMjZ1ciUzRCVFNSVBNCVBQSVFNSU4RSU5RiUyNmxyJTNEJUU1JUE0JUFBJUU1JThFJTlGJTI2ZnQlM0QlN0IlN0QlMjZzdCUzRHB1#from=mpl_search_suggest
洪山源泉,,山西・晋中・介休市,在介休市区东南13公里洪山之麓,,,石桐水北流而注于汾,https://piao.qunar.com/ticket/detail_2623513367.html?st=a3clM0QlRTUlQjElQjElRTglQTUlQkYlMjZpZCUzRDEwNDcyJTI2dHlwZSUzRDAlMjZpZHglM0Q0MzglMjZxdCUzRCUyNmFwayUzRDIlMjZzYyUzRFdXVyUyNnVyJTNEJUU1JUE0JUFBJUU1JThFJTlGJTI2bHIlM0QlRTUlQTQlQUElRTUlOEUlOUYlMjZmdCUzRCU3QiU3RCUyNnN0JTNEcHU%3D#from=mpl_search_suggest
望仙大峡谷,4A景区,山西・运城・垣曲县,山西省运城市垣曲县历山镇望仙村,4.9,128,石峡风光秀丽,https://piao.qunar.com/ticket/detail_1652776302.html?st=a3clM0QlRTUlQjElQjElRTglQTUlQkYlMjZpZCUzRDE5MTQ1NCUyNnR5cGUlM0QwJTI2aWR4JTNENDM5JTI2cXQlM0QlMjZhcGslM0QyJTI2c2MlM0RXV1clMjZ1ciUzRCVFNSVBNCVBQSVFNSU4RSU5RiUyNmxyJTNEJUU1JUE0JUFBJUU1JThFJTlGJTI2ZnQlM0QlN0IlN0QlMjZzdCUzRHB1#from=mpl_search_suggest
千年碧波江漂流园,,山西・吕梁・离石区,山西省吕梁市离石区千年景区内,5,,吕梁山，为现代地理所称”骨脊山“，大禹治水始于此。据（康熙）《永宁州志》载：“其名骨脊者，以泰山在左，华山在右，常山为靠,https://piao.qunar.com/ticket/detail_1578738058.html?st=a3clM0QlRTUlQjElQjElRTglQTUlQkYlMjZpZCUzRDUxNjYxMyUyNnR5cGUlM0QwJTI2aWR4JTNENDQwJTI2cXQlM0QlMjZhcGslM0QyJTI2c2MlM0RXV1clMjZ1ciUzRCVFNSVBNCVBQSVFNSU4RSU5RiUyNmxyJTNEJUU1JUE0JUFBJUU1JThFJTlGJTI2ZnQlM0QlN0IlN0QlMjZzdCUzRHB1#from=mpl_search_suggest
太原阳光沙滩亲子游园馆（阳光时尚广场店）,,山西・太原・杏花岭区,山西省太原市杏花岭区金刚堰路与柳溪街交叉口（阳光时尚广场二层）,,,在冬天的寒冷里温暖您和您的宝宝,https://piao.qunar.com/ticket/detail_3716867037.html?st=a3clM0QlRTUlQjElQjElRTglQTUlQkYlMjZpZCUzRDQ1NzUyMSUyNnR5cGUlM0QwJTI2aWR4JTNENDQxJTI2cXQlM0QlMjZhcGslM0QyJTI2c2MlM0RXV1clMjZ1ciUzRCVFNSVBNCVBQSVFNSU4RSU5RiUyNmxyJTNEJUU1JUE0JUFBJUU1JThFJTlGJTI2ZnQlM0QlN0IlN0QlMjZzdCUzRHB1#from=mpl_search_suggest
雅致水汇,,山西・运城・盐湖区,山西省运城市盐湖区条山街659号,5,,雅致水汇12月18号扬帆起航，重拳出击，打造集高端汤泉、韩式汗蒸、特色餐饮、商务客房、棋牌娱乐、足疗保健、儿童乐园为一体,https://piao.qunar.com/ticket/detail_3501769683.html?st=a3clM0QlRTUlQjElQjElRTglQTUlQkYlMjZpZCUzRDUxMzI3NiUyNnR5cGUlM0QwJTI2aWR4JTNENDQyJTI2cXQlM0QlMjZhcGslM0QyJTI2c2MlM0RXV1clMjZ1ciUzRCVFNSVBNCVBQSVFNSU4RSU5RiUyNmxyJTNEJUU1JUE0JUFBJUU1JThFJTlGJTI2ZnQlM0QlN0IlN0QlMjZzdCUzRHB1#from=mpl_search_suggest
玉龙飞鹰飞行基地,,山西・朔州・右玉县,朔州市右玉县,,8800,"右玉玉龙飞鹰飞行基地拥有800m*25m硬化跑道、升级A1类通航机场、配套玉龙马会及特色旅游。
玉龙马文化产业园作为右玉",https://piao.qunar.com/ticket/detail_1392566263.html?st=a3clM0QlRTUlQjElQjElRTglQTUlQkYlMjZpZCUzRDUxMjM2MiUyNnR5cGUlM0QwJTI2aWR4JTNENDQzJTI2cXQlM0QlMjZhcGslM0QyJTI2c2MlM0RXV1clMjZ1ciUzRCVFNSVBNCVBQSVFNSU4RSU5RiUyNmxyJTNEJUU1JUE0JUFBJUU1JThFJTlGJTI2ZnQlM0QlN0IlN0QlMjZzdCUzRHB1#from=mpl_search_suggest
山西省体育中心红灯笼体育场,,山西・太原・晋源区,山西省太原市长风文化商务区南侧，西临晋阳湖，东依汾河,5,,占地1238亩,https://piao.qunar.com/ticket/detail_2922171456.html?st=a3clM0QlRTUlQjElQjElRTglQTUlQkYlMjZpZCUzRDIxMzk4NyUyNnR5cGUlM0QwJTI2aWR4JTNENDQ0JTI2cXQlM0QlMjZhcGslM0QyJTI2c2MlM0RXV1clMjZ1ciUzRCVFNSVBNCVBQSVFNSU4RSU5RiUyNmxyJTNEJUU1JUE0JUFBJUU1JThFJTlGJTI2ZnQlM0QlN0IlN0QlMjZzdCUzRHB1#from=mpl_search_suggest
城南水上乐园,,山西・长治・上党区,山西省长治市城区南广场路东北侧交警四大队隔壁城南水上乐园,,,炎炎夏日怎么可能少得了去水上乐园！,https://piao.qunar.com/ticket/detail_2980959285.html?st=a3clM0QlRTUlQjElQjElRTglQTUlQkYlMjZpZCUzRDQ2NDAxNSUyNnR5cGUlM0QwJTI2aWR4JTNENDQ1JTI2cXQlM0QlMjZhcGslM0QyJTI2c2MlM0RXV1clMjZ1ciUzRCVFNSVBNCVBQSVFNSU4RSU5RiUyNmxyJTNEJUU1JUE0JUFBJUU1JThFJTlGJTI2ZnQlM0QlN0IlN0QlMjZzdCUzRHB1#from=mpl_search_suggest
元宇宙・喵星球（孝义华美店）,,山西・吕梁,山西省吕梁市孝义市新义街华美新天地购物广场六楼,,39.9,,https://piao.qunar.com/ticket/detail_2709555253.html?st=a3clM0QlRTUlQjElQjElRTglQTUlQkYlMjZpZCUzRDUyMzE2MyUyNnR5cGUlM0QwJTI2aWR4JTNENDQ2JTI2cXQlM0QlMjZhcGslM0QyJTI2c2MlM0RXV1clMjZ1ciUzRCVFNSVBNCVBQSVFNSU4RSU5RiUyNmxyJTNEJUU1JUE0JUFBJUU1JThFJTlGJTI2ZnQlM0QlN0IlN0QlMjZzdCUzRHB1#from=mpl_search_suggest
法王庙,,山西・运城・稷山县,山西运城市稷山县西南4公里南阳村,,,在山西稷山县西南4公里南阳村。创建年代不详，元代重建，明成化七年（1471年）增建舞庭一座，清代又局部修缮。庙内布局敞朗,https://piao.qunar.com/ticket/detail_1617537219.html?st=a3clM0QlRTUlQjElQjElRTglQTUlQkYlMjZpZCUzRDE0MDIlMjZ0eXBlJTNEMCUyNmlkeCUzRDQ0NyUyNnF0JTNEJTI2YXBrJTNEMiUyNnNjJTNEV1dXJTI2dXIlM0QlRTUlQTQlQUElRTUlOEUlOUYlMjZsciUzRCVFNSVBNCVBQSVFNSU4RSU5RiUyNmZ0JTNEJTdCJTdEJTI2c3QlM0RwdQ%3D%3D#from=mpl_search_suggest
长平之战遗址,,山西・晋城・高平市,山西省晋城市高平市,,,长平之战是我国古代战争史上非常著名的一次战争。此次战争过去已经两千多年了，但是，白起坑杀赵卒40万，令人触目惊心的杀谷，,https://piao.qunar.com/ticket/detail_4084481852.html?st=a3clM0QlRTUlQjElQjElRTglQTUlQkYlMjZpZCUzRDEzNzQ0JTI2dHlwZSUzRDAlMjZpZHglM0Q0NDglMjZxdCUzRCUyNmFwayUzRDIlMjZzYyUzRFdXVyUyNnVyJTNEJUU1JUE0JUFBJUU1JThFJTlGJTI2bHIlM0QlRTUlQTQlQUElRTUlOEUlOUYlMjZmdCUzRCU3QiU3RCUyNnN0JTNEcHU%3D#from=mpl_search_suggest
榆次城隍庙,,山西・晋中・榆次老城,山西省晋中市榆次区城区东大街中段,,,城隍庙建于（元朝）公元1362年的榆次城隍庙，为国院重点保护单位。踏进山门，一座高达25米四重檐二层楼阁突兀而起，这是1,https://piao.qunar.com/ticket/detail_2374993619.html?st=a3clM0QlRTUlQjElQjElRTglQTUlQkYlMjZpZCUzRDIzNjY0JTI2dHlwZSUzRDAlMjZpZHglM0Q0NDklMjZxdCUzRCUyNmFwayUzRDIlMjZzYyUzRFdXVyUyNnVyJTNEJUU1JUE0JUFBJUU1JThFJTlGJTI2bHIlM0QlRTUlQTQlQUElRTUlOEUlOUYlMjZmdCUzRCU3QiU3RCUyNnN0JTNEcHU%3D#from=mpl_search_suggest
台骀山滑世界,,山西・太原・迎泽区,太原市迎泽区郝庄镇小山沟村,4.9,,滑类项目众多，新奇有趣,https://piao.qunar.com/ticket/detail_2408313936.html?st=a3clM0QlRTUlQjElQjElRTglQTUlQkYlMjZpZCUzRDE5NjUwOSUyNnR5cGUlM0QwJTI2aWR4JTNENDUwJTI2cXQlM0QlMjZhcGslM0QyJTI2c2MlM0RXV1clMjZ1ciUzRCVFNSVBNCVBQSVFNSU4RSU5RiUyNmxyJTNEJUU1JUE0JUFBJUU1JThFJTlGJTI2ZnQlM0QlN0IlN0QlMjZzdCUzRHB1#from=mpl_search_suggest
华尧水上乐园,,山西・临汾・尧都区,山西省临汾市尧都区尧庙镇华门西杜村,4.7,,华尧水上乐园以夏威夷风情为主调，突出时尚、刺激、健康的水上休闲游乐文化，还有离心滑道、急驰竞赛、高速滑道、巨兽碗、大滑板,https://piao.qunar.com/ticket/detail_2075887724.html?st=a3clM0QlRTUlQjElQjElRTglQTUlQkYlMjZpZCUzRDQxMDc4JTI2dHlwZSUzRDAlMjZpZHglM0Q0NTElMjZxdCUzRCUyNmFwayUzRDIlMjZzYyUzRFdXVyUyNnVyJTNEJUU1JUE0JUFBJUU1JThFJTlGJTI2bHIlM0QlRTUlQTQlQUElRTUlOEUlOUYlMjZmdCUzRCU3QiU3RCUyNnN0JTNEcHU%3D#from=mpl_search_suggest
粉红世界艺术乐园,,山西・晋中・榆次区,山西省晋中市榆次区中都北路a-1号,,,,https://piao.qunar.com/ticket/detail_2880111745.html?st=a3clM0QlRTUlQjElQjElRTglQTUlQkYlMjZpZCUzRDUyMjIxOSUyNnR5cGUlM0QwJTI2aWR4JTNENDUyJTI2cXQlM0QlMjZhcGslM0QyJTI2c2MlM0RXV1clMjZ1ciUzRCVFNSVBNCVBQSVFNSU4RSU5RiUyNmxyJTNEJUU1JUE0JUFBJUU1JThFJTlGJTI2ZnQlM0QlN0IlN0QlMjZzdCUzRHB1#from=mpl_search_suggest
柳隐山大峡谷风景区,,山西・运城・永济市,山西省永济市虞乡镇,5,,瀑泉飘逸清流激湍，山谷处处花海汪洋,https://piao.qunar.com/ticket/detail_1823253197.html?st=a3clM0QlRTUlQjElQjElRTglQTUlQkYlMjZpZCUzRDE5MzgyMSUyNnR5cGUlM0QwJTI2aWR4JTNENDUzJTI2cXQlM0QlMjZhcGslM0QyJTI2c2MlM0RXV1clMjZ1ciUzRCVFNSVBNCVBQSVFNSU4RSU5RiUyNmxyJTNEJUU1JUE0JUFBJUU1JThFJTlGJTI2ZnQlM0QlN0IlN0QlMjZzdCUzRHB1#from=mpl_search_suggest
古城奇幻宫,,山西・晋中・平遥县,山西省晋中市平遥县东大街94号,4.7,55,互动体验“晋商文化”,https://piao.qunar.com/ticket/detail_304377378.html?st=a3clM0QlRTUlQjElQjElRTglQTUlQkYlMjZpZCUzRDQ2NTA1OCUyNnR5cGUlM0QwJTI2aWR4JTNENDU0JTI2cXQlM0QlMjZhcGslM0QyJTI2c2MlM0RXV1clMjZ1ciUzRCVFNSVBNCVBQSVFNSU4RSU5RiUyNmxyJTNEJUU1JUE0JUFBJUU1JThFJTlGJTI2ZnQlM0QlN0IlN0QlMjZzdCUzRHB1#from=mpl_search_suggest
山西凤凰山生态植物园,,山西・忻州・凤凰山景区,山西省定襄县凤凰山,4.1,,泡温泉，采摘，乐趣无穷,https://piao.qunar.com/ticket/detail_1663936850.html?st=a3clM0QlRTUlQjElQjElRTglQTUlQkYlMjZpZCUzRDIwMDU3MiUyNnR5cGUlM0QwJTI2aWR4JTNENDU1JTI2cXQlM0QlMjZhcGslM0QyJTI2c2MlM0RXV1clMjZ1ciUzRCVFNSVBNCVBQSVFNSU4RSU5RiUyNmxyJTNEJUU1JUE0JUFBJUU1JThFJTlGJTI2ZnQlM0QlN0IlN0QlMjZzdCUzRHB1#from=mpl_search_suggest
青草坡乡村庄园,3A景区,山西・太原・阳曲县,太原市阳曲县黄寨镇上安村,,,住宿在特色的窑洞四合院,https://piao.qunar.com/ticket/detail_3307756395.html?st=a3clM0QlRTUlQjElQjElRTglQTUlQkYlMjZpZCUzRDUxNTYwOCUyNnR5cGUlM0QwJTI2aWR4JTNENDU2JTI2cXQlM0QlMjZhcGslM0QyJTI2c2MlM0RXV1clMjZ1ciUzRCVFNSVBNCVBQSVFNSU4RSU5RiUyNmxyJTNEJUU1JUE0JUFBJUU1JThFJTlGJTI2ZnQlM0QlN0IlN0QlMjZzdCUzRHB1#from=mpl_search_suggest
庞泉沟勇士漂流,,山西・吕梁・交城县,山西省吕梁市交城县S320,,,,https://piao.qunar.com/ticket/detail_3613863322.html?st=a3clM0QlRTUlQjElQjElRTglQTUlQkYlMjZpZCUzRDUzNzI3MiUyNnR5cGUlM0QwJTI2aWR4JTNENDU3JTI2cXQlM0QlMjZhcGslM0QyJTI2c2MlM0RXV1clMjZ1ciUzRCVFNSVBNCVBQSVFNSU4RSU5RiUyNmxyJTNEJUU1JUE0JUFBJUU1JThFJTlGJTI2ZnQlM0QlN0IlN0QlMjZzdCUzRHB1#from=mpl_search_suggest
豪华碰碰车乐园,,山西・朔州,山西省朔州市朔城区怡西路,,,,https://piao.qunar.com/ticket/detail_1219862904.html?st=a3clM0QlRTUlQjElQjElRTglQTUlQkYlMjZpZCUzRDUyMzA3MCUyNnR5cGUlM0QwJTI2aWR4JTNENDU4JTI2cXQlM0QlMjZhcGslM0QyJTI2c2MlM0RXV1clMjZ1ciUzRCVFNSVBNCVBQSVFNSU4RSU5RiUyNmxyJTNEJUU1JUE0JUFBJUU1JThFJTlGJTI2ZnQlM0QlN0IlN0QlMjZzdCUzRHB1#from=mpl_search_suggest
赤壁悬流,4A景区,山西・长治・平顺县,山西省长治市平顺县S324,5,,峡谷蜿蜒，绝壁相对耸立,https://piao.qunar.com/ticket/detail_1275862808.html?st=a3clM0QlRTUlQjElQjElRTglQTUlQkYlMjZpZCUzRDQ3NTkzNyUyNnR5cGUlM0QwJTI2aWR4JTNENDU5JTI2cXQlM0QlMjZhcGslM0QyJTI2c2MlM0RXV1clMjZ1ciUzRCVFNSVBNCVBQSVFNSU4RSU5RiUyNmxyJTNEJUU1JUE0JUFBJUU1JThFJTlGJTI2ZnQlM0QlN0IlN0QlMjZzdCUzRHB1#from=mpl_search_suggest
公输子祠,,山西・太原・晋源区,太原市晋源区晋祠镇晋祠博物馆风景名胜区内,,,,https://piao.qunar.com/ticket/detail_1030097645.html?st=a3clM0QlRTUlQjElQjElRTglQTUlQkYlMjZpZCUzRDUwODA3NyUyNnR5cGUlM0QwJTI2aWR4JTNENDYwJTI2cXQlM0QlMjZhcGslM0QyJTI2c2MlM0RXV1clMjZ1ciUzRCVFNSVBNCVBQSVFNSU4RSU5RiUyNmxyJTNEJUU1JUE0JUFBJUU1JThFJTlGJTI2ZnQlM0QlN0IlN0QlMjZzdCUzRHB1#from=mpl_search_suggest
红军东征纪念馆,,山西・吕梁・石楼县,山西省吕梁市石楼县,4.5,,红军东征纪念馆是为了纪念1936年毛泽东率红一方面军东渡黄河，建立抗日山西根据地的历史业绩而立，是省级规模的纪念馆。馆舍,https://piao.qunar.com/ticket/detail_1878154973.html?st=a3clM0QlRTUlQjElQjElRTglQTUlQkYlMjZpZCUzRDE4ODU4OSUyNnR5cGUlM0QwJTI2aWR4JTNENDYxJTI2cXQlM0QlMjZhcGslM0QyJTI2c2MlM0RXV1clMjZ1ciUzRCVFNSVBNCVBQSVFNSU4RSU5RiUyNmxyJTNEJUU1JUE0JUFBJUU1JThFJTlGJTI2ZnQlM0QlN0IlN0QlMjZzdCUzRHB1#from=mpl_search_suggest
小悬空寺,,山西・大同・广灵县,山西-大同,,,"山西广灵县城南有座壶山，上有大士庵和水神庙的合称“小悬空寺”。寺庙建于山巅。创建于北魏时期，现存为明代时期遗物。
小悬空",https://piao.qunar.com/ticket/detail_3596331220.html?st=a3clM0QlRTUlQjElQjElRTglQTUlQkYlMjZpZCUzRDU3NTYlMjZ0eXBlJTNEMCUyNmlkeCUzRDQ2MiUyNnF0JTNEJTI2YXBrJTNEMiUyNnNjJTNEV1dXJTI2dXIlM0QlRTUlQTQlQUElRTUlOEUlOUYlMjZsciUzRCVFNSVBNCVBQSVFNSU4RSU5RiUyNmZ0JTNEJTdCJTdEJTI2c3QlM0RwdQ%3D%3D#from=mpl_search_suggest
孝义梦幻海新春欢乐世界,,山西・吕梁・梦幻海室内主题乐园,山西吕梁孝义市丛文杰与大众路交叉口梦幻海水上乐园南广场,5,,海狮欢乐园，海狮表演，场景震撼的大马戏,https://piao.qunar.com/ticket/detail_2662751386.html?st=a3clM0QlRTUlQjElQjElRTglQTUlQkYlMjZpZCUzRDQ2MTk2NyUyNnR5cGUlM0QwJTI2aWR4JTNENDYzJTI2cXQlM0QlMjZhcGslM0QyJTI2c2MlM0RXV1clMjZ1ciUzRCVFNSVBNCVBQSVFNSU4RSU5RiUyNmxyJTNEJUU1JUE0JUFBJUU1JThFJTlGJTI2ZnQlM0QlN0IlN0QlMjZzdCUzRHB1#from=mpl_search_suggest
二仙宫,,山西・晋城・高平市,在高平市区南14公里西里门村二仙岭,,,在高平市区南14公里西里门村二仙岭。相传晋时有两姊妹，生母病故，不堪继母虐待，常仰天痛哭，感动天神，下降黄龙二女乘龙升天,https://piao.qunar.com/ticket/detail_517981197.html?st=a3clM0QlRTUlQjElQjElRTglQTUlQkYlMjZpZCUzRDI2MzQlMjZ0eXBlJTNEMCUyNmlkeCUzRDQ2NCUyNnF0JTNEJTI2YXBrJTNEMiUyNnNjJTNEV1dXJTI2dXIlM0QlRTUlQTQlQUElRTUlOEUlOUYlMjZsciUzRCVFNSVBNCVBQSVFNSU4RSU5RiUyNmZ0JTNEJTdCJTdEJTI2c3QlM0RwdQ%3D%3D#from=mpl_search_suggest
食里嗨街,,山西・太原・尖草坪区,山西省太原市尖草坪区迎新街北二巷迎新路往北30米,,,,https://piao.qunar.com/ticket/detail_3302247033.html?st=a3clM0QlRTUlQjElQjElRTglQTUlQkYlMjZpZCUzRDUzMDAwNyUyNnR5cGUlM0QwJTI2aWR4JTNENDY1JTI2cXQlM0QlMjZhcGslM0QyJTI2c2MlM0RXV1clMjZ1ciUzRCVFNSVBNCVBQSVFNSU4RSU5RiUyNmxyJTNEJUU1JUE0JUFBJUU1JThFJTlGJTI2ZnQlM0QlN0IlN0QlMjZzdCUzRHB1#from=mpl_search_suggest
太阴寺,,山西・运城・绛县,山西运城绛县城卫庄镇张上村,5,7,现存古建筑中较为纯粹的金代遗构,https://piao.qunar.com/ticket/detail_3190352688.html?st=a3clM0QlRTUlQjElQjElRTglQTUlQkYlMjZpZCUzRDkwMjIlMjZ0eXBlJTNEMCUyNmlkeCUzRDUxMSUyNnF0JTNEJTI2YXBrJTNEMiUyNnNjJTNEV1dXJTI2dXIlM0QlRTYlOTklOEIlRTQlQjglQUQlMjZsciUzRCVFNiU5OSU4QiVFNCVCOCVBRCUyNmZ0JTNEJTdCJTdEJTI2c3QlM0RwdQ%3D%3D#from=mpl_search_suggest
何家大院,,山西・晋中・祁县,在县城南街路东,,,祁县何家，在县城南街路东，是晚清以来城内的第二大财主，商号分布县内外，资财达1000万元，从业人员达1000多人。仅城内,https://piao.qunar.com/ticket/detail_2884111579.html?st=a3clM0QlRTUlQjElQjElRTglQTUlQkYlMjZpZCUzRDkyMDQlMjZ0eXBlJTNEMCUyNmlkeCUzRDUxMiUyNnF0JTNEJTI2YXBrJTNEMiUyNnNjJTNEV1dXJTI2dXIlM0QlRTYlOTklOEIlRTQlQjglQUQlMjZsciUzRCVFNiU5OSU4QiVFNCVCOCVBRCUyNmZ0JTNEJTdCJTdEJTI2c3QlM0RwdQ%3D%3D#from=mpl_search_suggest
湘峪村,3A景区,山西・晋城・沁水县,山西省晋城市沁水县郑村乡的湘峪村,5,,是个耸立在悬崖坚石上的城堡式村落,https://piao.qunar.com/ticket/detail_2513561497.html?st=a3clM0QlRTUlQjElQjElRTglQTUlQkYlMjZpZCUzRDcwMzclMjZ0eXBlJTNEMCUyNmlkeCUzRDUxMyUyNnF0JTNEJTI2YXBrJTNEMiUyNnNjJTNEV1dXJTI2dXIlM0QlRTYlOTklOEIlRTQlQjglQUQlMjZsciUzRCVFNiU5OSU4QiVFNCVCOCVBRCUyNmZ0JTNEJTdCJTdEJTI2c3QlM0RwdQ%3D%3D#from=mpl_search_suggest
临猗欢乐海水上乐园,,山西・运城・临猗县,山西运城临猗县南城剧院东路南城中心广场对面第三中学南400米,4.3,,超越自我、挑战自我、放松心情、磨练意志,https://piao.qunar.com/ticket/detail_3502906428.html?st=a3clM0QlRTUlQjElQjElRTglQTUlQkYlMjZpZCUzRDQ2NDU2OSUyNnR5cGUlM0QwJTI2aWR4JTNENTE0JTI2cXQlM0QlMjZhcGslM0QyJTI2c2MlM0RXV1clMjZ1ciUzRCVFNiU5OSU4QiVFNCVCOCVBRCUyNmxyJTNEJUU2JTk5JThCJUU0JUI4JUFEJTI2ZnQlM0QlN0IlN0QlMjZzdCUzRHB1#from=mpl_search_suggest
苍儿会生态旅游经济区,,山西・吕梁・文水县,吕梁市文水县S219北侧,5,,森林葱郁，溪水潺潺,https://piao.qunar.com/ticket/detail_1153274977.html?st=a3clM0QlRTUlQjElQjElRTglQTUlQkYlMjZpZCUzRDg3MzAlMjZ0eXBlJTNEMCUyNmlkeCUzRDUxNSUyNnF0JTNEJTI2YXBrJTNEMiUyNnNjJTNEV1dXJTI2dXIlM0QlRTYlOTklOEIlRTQlQjglQUQlMjZsciUzRCVFNiU5OSU4QiVFNCVCOCVBRCUyNmZ0JTNEJTdCJTdEJTI2c3QlM0RwdQ%3D%3D#from=mpl_search_suggest
峰厚崖,,山西・吕梁・兴县,山西省吕梁市兴县,,,苍松翠柏点缀，远眺近览，庄重肃穆,https://piao.qunar.com/ticket/detail_77864327.html?st=a3clM0QlRTUlQjElQjElRTglQTUlQkYlMjZpZCUzRDc4MDUlMjZ0eXBlJTNEMCUyNmlkeCUzRDUxNiUyNnF0JTNEJTI2YXBrJTNEMiUyNnNjJTNEV1dXJTI2dXIlM0QlRTYlOTklOEIlRTQlQjglQUQlMjZsciUzRCVFNiU5OSU4QiVFNCVCOCVBRCUyNmZ0JTNEJTdCJTdEJTI2c3QlM0RwdQ%3D%3D#from=mpl_search_suggest
迤西洞,,山西・忻州・偏关县,山西省忻州市偏关县迤西村,,,位于偏关县城东南35公里迤西村东北处的石洞洼内。石洞内，有洞三个，南一北二，以沟隔壑。南边的因坐南背阴，故称“阴洞”，相,https://piao.qunar.com/ticket/detail_4045406853.html?st=a3clM0QlRTUlQjElQjElRTglQTUlQkYlMjZpZCUzRDEwMzkwJTI2dHlwZSUzRDAlMjZpZHglM0Q1MTclMjZxdCUzRCUyNmFwayUzRDIlMjZzYyUzRFdXVyUyNnVyJTNEJUU2JTk5JThCJUU0JUI4JUFEJTI2bHIlM0QlRTYlOTklOEIlRTQlQjglQUQlMjZmdCUzRCU3QiU3RCUyNnN0JTNEcHU%3D#from=mpl_search_suggest
回銮寺,,山西・晋中・介休市,在山西介休县城西南２０公里兴地村,,,在山西介休县城西南２０公里兴地村，在绵山脚下。据碑记考证，原名空王灵溪寺。唐太宗欲登绵山礼佛，至此回銮。后僖宗赐名“回銮,https://piao.qunar.com/ticket/detail_2342753954.html?st=a3clM0QlRTUlQjElQjElRTglQTUlQkYlMjZpZCUzRDEzMzM0JTI2dHlwZSUzRDAlMjZpZHglM0Q1MTglMjZxdCUzRCUyNmFwayUzRDIlMjZzYyUzRFdXVyUyNnVyJTNEJUU2JTk5JThCJUU0JUI4JUFEJTI2bHIlM0QlRTYlOTklOEIlRTQlQjglQUQlMjZmdCUzRCU3QiU3RCUyNnN0JTNEcHU%3D#from=mpl_search_suggest
临猗南城嬉雪乐园,,山西・运城・临猗县,山西省运城市临猗南城剧院东路（南城中心广场东侧）,,,丰富多彩的戏雪游乐项目,https://piao.qunar.com/ticket/detail_2535833855.html?st=a3clM0QlRTUlQjElQjElRTglQTUlQkYlMjZpZCUzRDQ2NzQ4NCUyNnR5cGUlM0QwJTI2aWR4JTNENTE5JTI2cXQlM0QlMjZhcGslM0QyJTI2c2MlM0RXV1clMjZ1ciUzRCVFNiU5OSU4QiVFNCVCOCVBRCUyNmxyJTNEJUU2JTk5JThCJUU0JUI4JUFEJTI2ZnQlM0QlN0IlN0QlMjZzdCUzRHB1#from=mpl_search_suggest
石膏山,4A景区,山西・晋中・灵石县,山西省晋中市灵石县南关镇峪口村,4.6,,观赏瀑布探秘山洞,https://piao.qunar.com/ticket/detail_1508473592.html?st=a3clM0QlRTUlQjElQjElRTglQTUlQkYlMjZpZCUzRDE1NDMwJTI2dHlwZSUzRDAlMjZpZHglM0Q1MjAlMjZxdCUzRCUyNmFwayUzRDIlMjZzYyUzRFdXVyUyNnVyJTNEJUU2JTk5JThCJUU0JUI4JUFEJTI2bHIlM0QlRTYlOTklOEIlRTQlQjglQUQlMjZmdCUzRCU3QiU3RCUyNnN0JTNEcHU%3D#from=mpl_search_suggest
桂馨书院,,山西・晋中・山西王家大院,山西省晋中市灵石县静升镇静升村王家大院,,,桂馨书院为王家高级书斋，分前、中、后三个院。从前院到后院所经三组三级台阶，象征连升三级。在封建科举制度下，王家人在这里奋,https://piao.qunar.com/ticket/detail_3051529525.html?st=a3clM0QlRTUlQjElQjElRTglQTUlQkYlMjZpZCUzRDE2NTI0JTI2dHlwZSUzRDAlMjZpZHglM0Q1MjElMjZxdCUzRCUyNmFwayUzRDIlMjZzYyUzRFdXVyUyNnVyJTNEJUU2JTk5JThCJUU0JUI4JUFEJTI2bHIlM0QlRTYlOTklOEIlRTQlQjglQUQlMjZmdCUzRCU3QiU3RCUyNnN0JTNEcHU%3D#from=mpl_search_suggest
西华兴漆文化博物馆,,山西・晋中・平遥县,山西省晋中市平遥县,,,明清时期平遥民居宅院的典型表,https://piao.qunar.com/ticket/detail_4156763433.html?st=a3clM0QlRTUlQjElQjElRTglQTUlQkYlMjZpZCUzRDE4NzkyNSUyNnR5cGUlM0QwJTI2aWR4JTNENTIyJTI2cXQlM0QlMjZhcGslM0QyJTI2c2MlM0RXV1clMjZ1ciUzRCVFNiU5OSU4QiVFNCVCOCVBRCUyNmxyJTNEJUU2JTk5JThCJUU0JUI4JUFEJTI2ZnQlM0QlN0IlN0QlMjZzdCUzRHB1#from=mpl_search_suggest
万憬假日温泉会馆,,山西・临汾,山西省临汾市曲沃县曲郑路太子滩温泉度假区内,4.6,28.9,内有花瓣牛奶浴池,https://piao.qunar.com/ticket/detail_2263619160.html?st=a3clM0QlRTUlQjElQjElRTglQTUlQkYlMjZpZCUzRDE5MjgzNCUyNnR5cGUlM0QwJTI2aWR4JTNENTIzJTI2cXQlM0QlMjZhcGslM0QyJTI2c2MlM0RXV1clMjZ1ciUzRCVFNiU5OSU4QiVFNCVCOCVBRCUyNmxyJTNEJUU2JTk5JThCJUU0JUI4JUFEJTI2ZnQlM0QlN0IlN0QlMjZzdCUzRHB1#from=mpl_search_suggest
千亩坪公园,,山西・阳泉・郊区,阳泉市郊区荫营镇上千亩坪村,,,,https://piao.qunar.com/ticket/detail_1284025473.html?st=a3clM0QlRTUlQjElQjElRTglQTUlQkYlMjZpZCUzRDUzMDMwNSUyNnR5cGUlM0QwJTI2aWR4JTNENTI0JTI2cXQlM0QlMjZhcGslM0QyJTI2c2MlM0RXV1clMjZ1ciUzRCVFNiU5OSU4QiVFNCVCOCVBRCUyNmxyJTNEJUU2JTk5JThCJUU0JUI4JUFEJTI2ZnQlM0QlN0IlN0QlMjZzdCUzRHB1#from=mpl_search_suggest
九龙山度假村,,山西・临汾・尧都区,临汾市尧都区体育森林公园内,,,尽享运动带来的快意和乐趣,https://piao.qunar.com/ticket/detail_1625902990.html?st=a3clM0QlRTUlQjElQjElRTglQTUlQkYlMjZpZCUzRDQ2NTE3MiUyNnR5cGUlM0QwJTI2aWR4JTNENTI1JTI2cXQlM0QlMjZhcGslM0QyJTI2c2MlM0RXV1clMjZ1ciUzRCVFNiU5OSU4QiVFNCVCOCVBRCUyNmxyJTNEJUU2JTk5JThCJUU0JUI4JUFEJTI2ZnQlM0QlN0IlN0QlMjZzdCUzRHB1#from=mpl_search_suggest
车道漂流,,山西・临汾・安泽,临汾市-安泽县-合川镇车道村,,,,https://piao.qunar.com/ticket/detail_2908141546.html?st=a3clM0QlRTUlQjElQjElRTglQTUlQkYlMjZpZCUzRDUwNTIwNyUyNnR5cGUlM0QwJTI2aWR4JTNENTQxJTI2cXQlM0QlMjZhcGslM0QyJTI2c2MlM0RXV1clMjZ1ciUzRCVFNiU5OSU4QiVFNCVCOCVBRCUyNmxyJTNEJUU2JTk5JThCJUU0JUI4JUFEJTI2ZnQlM0QlN0IlN0QlMjZzdCUzRHB1#from=mpl_search_suggest
怀仁清凉山冰雪场,,山西・朔州・怀仁县,山西怀仁市何家堡乡悟道村,,,,https://piao.qunar.com/ticket/detail_117148852.html?st=a3clM0QlRTUlQjElQjElRTglQTUlQkYlMjZpZCUzRDUzNjE4OSUyNnR5cGUlM0QwJTI2aWR4JTNENTQyJTI2cXQlM0QlMjZhcGslM0QyJTI2c2MlM0RXV1clMjZ1ciUzRCVFNiU5OSU4QiVFNCVCOCVBRCUyNmxyJTNEJUU2JTk5JThCJUU0JUI4JUFEJTI2ZnQlM0QlN0IlN0QlMjZzdCUzRHB1#from=mpl_search_suggest
玉莲洞,,山西・临汾・云丘山景区,山西市临汾市云丘山旅游风景区,,,数百米高的绝壁上的石髓顺流而下，经年累月，滴成倒垂的天然莲花，奇妙无比，被称为玉莲洞。此洞，东西长80米，深20米，高2,https://piao.qunar.com/ticket/detail_1168604231.html?st=a3clM0QlRTUlQjElQjElRTglQTUlQkYlMjZpZCUzRDE4ODcxOCUyNnR5cGUlM0QwJTI2aWR4JTNENTQzJTI2cXQlM0QlMjZhcGslM0QyJTI2c2MlM0RXV1clMjZ1ciUzRCVFNiU5OSU4QiVFNCVCOCVBRCUyNmxyJTNEJUU2JTk5JThCJUU0JUI4JUFEJTI2ZnQlM0QlN0IlN0QlMjZzdCUzRHB1#from=mpl_search_suggest
闻喜宰相村,,山西・运城・闻喜县,山西省运城市闻喜县,,128,了解裴氏家族的历史,https://piao.qunar.com/ticket/detail_2532009571.html?st=a3clM0QlRTUlQjElQjElRTglQTUlQkYlMjZpZCUzRDUzMzQ5OCUyNnR5cGUlM0QwJTI2aWR4JTNENTQ0JTI2cXQlM0QlMjZhcGslM0QyJTI2c2MlM0RXV1clMjZ1ciUzRCVFNiU5OSU4QiVFNCVCOCVBRCUyNmxyJTNEJUU2JTk5JThCJUU0JUI4JUFEJTI2ZnQlM0QlN0IlN0QlMjZzdCUzRHB1#from=mpl_search_suggest
梁家寨御码头漂流,,山西・阳泉・盂县,阳泉市孟县梁家寨乡中石化加油附近,,,,https://piao.qunar.com/ticket/detail_1039924244.html?st=a3clM0QlRTUlQjElQjElRTglQTUlQkYlMjZpZCUzRDUzNjM4NSUyNnR5cGUlM0QwJTI2aWR4JTNENTQ1JTI2cXQlM0QlMjZhcGslM0QyJTI2c2MlM0RXV1clMjZ1ciUzRCVFNiU5OSU4QiVFNCVCOCVBRCUyNmxyJTNEJUU2JTk5JThCJUU0JUI4JUFEJTI2ZnQlM0QlN0IlN0QlMjZzdCUzRHB1#from=mpl_search_suggest
古今天下景区,,山西・运城・河津市,山西省运城河津市樊村镇古今天下风景区,5,,以景观地道、红色文化闻名,https://piao.qunar.com/ticket/detail_1185545164.html?st=a3clM0QlRTUlQjElQjElRTglQTUlQkYlMjZpZCUzRDQ3MTIzMCUyNnR5cGUlM0QwJTI2aWR4JTNENTQ2JTI2cXQlM0QlMjZhcGslM0QyJTI2c2MlM0RXV1clMjZ1ciUzRCVFNiU5OSU4QiVFNCVCOCVBRCUyNmxyJTNEJUU2JTk5JThCJUU0JUI4JUFEJTI2ZnQlM0QlN0IlN0QlMjZzdCUzRHB1#from=mpl_search_suggest
状元殿,,山西・晋中・平遥古城,陕西省晋中市平遥县平遥古城东南隅城隍庙街120号平遥文庙,4,,◎状元殿试卷 中国科举博物馆，藏有明万历二十六年(1598年)戊戌科状元赵秉忠的殿试策论卷原卷，中国l 000多年的科举,https://piao.qunar.com/ticket/detail_222341867.html?st=a3clM0QlRTUlQjElQjElRTglQTUlQkYlMjZpZCUzRDIyNDk4JTI2dHlwZSUzRDAlMjZpZHglM0Q1NDclMjZxdCUzRCUyNmFwayUzRDIlMjZzYyUzRFdXVyUyNnVyJTNEJUU2JTk5JThCJUU0JUI4JUFEJTI2bHIlM0QlRTYlOTklOEIlRTQlQjglQUQlMjZmdCUzRCU3QiU3RCUyNnN0JTNEcHU%3D#from=mpl_search_suggest
鑫郁禾南山高尔夫练习场,,山西・运城・盐湖区,盐湖区市民广场生态体育公园东侧鑫郁禾康体中心1楼101室,,,,https://piao.qunar.com/ticket/detail_2261473183.html?st=a3clM0QlRTUlQjElQjElRTglQTUlQkYlMjZpZCUzRDUyNzQxMCUyNnR5cGUlM0QwJTI2aWR4JTNENTQ4JTI2cXQlM0QlMjZhcGslM0QyJTI2c2MlM0RXV1clMjZ1ciUzRCVFNiU5OSU4QiVFNCVCOCVBRCUyNmxyJTNEJUU2JTk5JThCJUU0JUI4JUFEJTI2ZnQlM0QlN0IlN0QlMjZzdCUzRHB1#from=mpl_search_suggest
中太行洗耳河景区,4A景区,山西・长治・黎城县,山西省长治市黎城县西井镇彭庄村,,,,https://piao.qunar.com/ticket/detail_2525445053.html?st=a3clM0QlRTUlQjElQjElRTglQTUlQkYlMjZpZCUzRDUyOTI5OSUyNnR5cGUlM0QwJTI2aWR4JTNENTQ5JTI2cXQlM0QlMjZhcGslM0QyJTI2c2MlM0RXV1clMjZ1ciUzRCVFNiU5OSU4QiVFNCVCOCVBRCUyNmxyJTNEJUU2JTk5JThCJUU0JUI4JUFEJTI2ZnQlM0QlN0IlN0QlMjZzdCUzRHB1#from=mpl_search_suggest
平型关大捷景区,4A景区,山西・大同・灵丘县,山西省大同市灵丘县043县道东200米,2,30,瞻仰英雄事迹，缅怀先烈,https://piao.qunar.com/ticket/detail_3441711983.html?st=a3clM0QlRTUlQjElQjElRTglQTUlQkYlMjZpZCUzRDUxNTE3MyUyNnR5cGUlM0QwJTI2aWR4JTNENTUwJTI2cXQlM0QlMjZhcGslM0QyJTI2c2MlM0RXV1clMjZ1ciUzRCVFNiU5OSU4QiVFNCVCOCVBRCUyNmxyJTNEJUU2JTk5JThCJUU0JUI4JUFEJTI2ZnQlM0QlN0IlN0QlMjZzdCUzRHB1#from=mpl_search_suggest
田村童话梦工厂游乐园,,山西・吕梁,山西省吕梁市汾阳市田村新村西100米,,8.8,,https://piao.qunar.com/ticket/detail_672927073.html?st=a3clM0QlRTUlQjElQjElRTglQTUlQkYlMjZpZCUzRDUyMzA4MCUyNnR5cGUlM0QwJTI2aWR4JTNENTUxJTI2cXQlM0QlMjZhcGslM0QyJTI2c2MlM0RXV1clMjZ1ciUzRCVFNiU5OSU4QiVFNCVCOCVBRCUyNmxyJTNEJUU2JTk5JThCJUU0JUI4JUFEJTI2ZnQlM0QlN0IlN0QlMjZzdCUzRHB1#from=mpl_search_suggest
遇见南山熊孩子亲子游乐园,,山西・晋中,晋中市太谷区,,,,https://piao.qunar.com/ticket/detail_1236502506.html?st=a3clM0QlRTUlQjElQjElRTglQTUlQkYlMjZpZCUzRDUzMDgxMCUyNnR5cGUlM0QwJTI2aWR4JTNENTUyJTI2cXQlM0QlMjZhcGslM0QyJTI2c2MlM0RXV1clMjZ1ciUzRCVFNiU5OSU4QiVFNCVCOCVBRCUyNmxyJTNEJUU2JTk5JThCJUU0JUI4JUFEJTI2ZnQlM0QlN0IlN0QlMjZzdCUzRHB1#from=mpl_search_suggest
北京普济寺,,山西・忻州・五台县,中国北京西城区孝友胡同,,,普济寺为隋文帝诏令始建，是五台山南台的一座寺院，山峰耸峭，烟光凝翠，繁花似锦，千峦弥布，五彩缤纷，因之取名为“锦绣峰”。,https://piao.qunar.com/ticket/detail_3762856426.html?st=a3clM0QlRTUlQjElQjElRTglQTUlQkYlMjZpZCUzRDUwODA2MiUyNnR5cGUlM0QwJTI2aWR4JTNENTUzJTI2cXQlM0QlMjZhcGslM0QyJTI2c2MlM0RXV1clMjZ1ciUzRCVFNiU5OSU4QiVFNCVCOCVBRCUyNmxyJTNEJUU2JTk5JThCJUU0JUI4JUFEJTI2ZnQlM0QlN0IlN0QlMjZzdCUzRHB1#from=mpl_search_suggest
清任勇烈墓,,山西・大同・大同县,山西省大同市大同县,,,任举，字勇烈，清提督。其墓在大同城东十里水坡寺前，谥勇烈，御赐碑文、石兽并存。,https://piao.qunar.com/ticket/detail_3129986669.html?st=a3clM0QlRTUlQjElQjElRTglQTUlQkYlMjZpZCUzRDY5ODglMjZ0eXBlJTNEMCUyNmlkeCUzRDU1NCUyNnF0JTNEJTI2YXBrJTNEMiUyNnNjJTNEV1dXJTI2dXIlM0QlRTYlOTklOEIlRTQlQjglQUQlMjZsciUzRCVFNiU5OSU4QiVFNCVCOCVBRCUyNmZ0JTNEJTdCJTdEJTI2c3QlM0RwdQ%3D%3D#from=mpl_search_suggest
高都古镇,,山西・晋城,晋城市泽州县高都街泽州县高都镇人民政府西南侧约60米,,,,https://piao.qunar.com/ticket/detail_1148749573.html?st=a3clM0QlRTUlQjElQjElRTglQTUlQkYlMjZpZCUzRDUxMzE0NyUyNnR5cGUlM0QwJTI2aWR4JTNENTU1JTI2cXQlM0QlMjZhcGslM0QyJTI2c2MlM0RXV1clMjZ1ciUzRCVFNiU5OSU4QiVFNCVCOCVBRCUyNmxyJTNEJUU2JTk5JThCJUU0JUI4JUFEJTI2ZnQlM0QlN0IlN0QlMjZzdCUzRHB1#from=mpl_search_suggest
八路军太行纪念馆,4A景区,山西・长治・武乡县,山西省长治市武乡县太行街363号,4.9,7,红色教育基地,https://piao.qunar.com/ticket/detail_952968215.html?st=a3clM0QlRTUlQjElQjElRTglQTUlQkYlMjZpZCUzRDEyOTElMjZ0eXBlJTNEMCUyNmlkeCUzRDYwMSUyNnF0JTNEJTI2YXBrJTNEMiUyNnNjJTNEV1dXJTI2dXIlM0QlRTYlOTklOEIlRTQlQjglQUQlMjZsciUzRCVFNiU5OSU4QiVFNCVCOCVBRCUyNmZ0JTNEJTdCJTdEJTI2c3QlM0RwdQ%3D%3D#from=mpl_search_suggest
云水榭水上乐园,,山西・太原・小店区,太原市小店区平阳路111号,5,,云水榭水上乐园水上乐园是设施齐全的现代化型室内水上娱乐世界，各种娱乐设备项目齐全新颖，设施安全可靠。整个乐园采用热带园林,https://piao.qunar.com/ticket/detail_568407278.html?st=a3clM0QlRTUlQjElQjElRTglQTUlQkYlMjZpZCUzRDQ3NTA5MiUyNnR5cGUlM0QwJTI2aWR4JTNENjAyJTI2cXQlM0QlMjZhcGslM0QyJTI2c2MlM0RXV1clMjZ1ciUzRCVFNiU5OSU4QiVFNCVCOCVBRCUyNmxyJTNEJUU2JTk5JThCJUU0JUI4JUFEJTI2ZnQlM0QlN0IlN0QlMjZzdCUzRHB1#from=mpl_search_suggest
三佛楼,,山西・晋中・镇国寺,山西省晋中市平遥县囊垣乡郝洞村镇国寺,,,佛像造型优美，壁画集山水花鸟人物于一体,https://piao.qunar.com/ticket/detail_2138061908.html?st=a3clM0QlRTUlQjElQjElRTglQTUlQkYlMjZpZCUzRDIxMTU0JTI2dHlwZSUzRDAlMjZpZHglM0Q2MDMlMjZxdCUzRCUyNmFwayUzRDIlMjZzYyUzRFdXVyUyNnVyJTNEJUU2JTk5JThCJUU0JUI4JUFEJTI2bHIlM0QlRTYlOTklOEIlRTQlQjglQUQlMjZmdCUzRCU3QiU3RCUyNnN0JTNEcHU%3D#from=mpl_search_suggest
红苹果观光采摘园,,山西・临汾・吉县,山西省临汾吉县吉昌镇上东村有机苹果示范基地,4.5,,合家亲手摘得甜蜜味道,https://piao.qunar.com/ticket/detail_2058819393.html?st=a3clM0QlRTUlQjElQjElRTglQTUlQkYlMjZpZCUzRDE5NzE2MCUyNnR5cGUlM0QwJTI2aWR4JTNENjA0JTI2cXQlM0QlMjZhcGslM0QyJTI2c2MlM0RXV1clMjZ1ciUzRCVFNiU5OSU4QiVFNCVCOCVBRCUyNmxyJTNEJUU2JTk5JThCJUU0JUI4JUFEJTI2ZnQlM0QlN0IlN0QlMjZzdCUzRHB1#from=mpl_search_suggest
颐景水宫,,山西・晋中・榆次区,晋中市榆次区西顺城街71号,4.8,,给你一个超赞的休闲体验,https://piao.qunar.com/ticket/detail_1870538641.html?st=a3clM0QlRTUlQjElQjElRTglQTUlQkYlMjZpZCUzRDQ1NjUzMSUyNnR5cGUlM0QwJTI2aWR4JTNENjA1JTI2cXQlM0QlMjZhcGslM0QyJTI2c2MlM0RXV1clMjZ1ciUzRCVFNiU5OSU4QiVFNCVCOCVBRCUyNmxyJTNEJUU2JTk5JThCJUU0JUI4JUFEJTI2ZnQlM0QlN0IlN0QlMjZzdCUzRHB1#from=mpl_search_suggest
周柏唐槐,,山西・太原・晋源区,太原市晋源区039省道（晋祠路）悬瓮山麓晋祠公园内。,,,周柏和唐槐都是晋祠千年古木的代表。周柏位于圣母殿北侧，原先本有两株，名为齐年古柏，如今只剩这一株了。周柏距今已有2800,https://piao.qunar.com/ticket/detail_3747814175.html?st=a3clM0QlRTUlQjElQjElRTglQTUlQkYlMjZpZCUzRDUwOTU4NSUyNnR5cGUlM0QwJTI2aWR4JTNENjA2JTI2cXQlM0QlMjZhcGslM0QyJTI2c2MlM0RXV1clMjZ1ciUzRCVFNiU5OSU4QiVFNCVCOCVBRCUyNmxyJTNEJUU2JTk5JThCJUU0JUI4JUFEJTI2ZnQlM0QlN0IlN0QlMjZzdCUzRHB1#from=mpl_search_suggest
留住山西,,山西・晋中,晋中市太谷文化产业园,,,,https://piao.qunar.com/ticket/detail_570094622.html?st=a3clM0QlRTUlQjElQjElRTglQTUlQkYlMjZpZCUzRDUzNTg4MSUyNnR5cGUlM0QwJTI2aWR4JTNENjA3JTI2cXQlM0QlMjZhcGslM0QyJTI2c2MlM0RXV1clMjZ1ciUzRCVFNiU5OSU4QiVFNCVCOCVBRCUyNmxyJTNEJUU2JTk5JThCJUU0JUI4JUFEJTI2ZnQlM0QlN0IlN0QlMjZzdCUzRHB1#from=mpl_search_suggest
欢乐太行谷水世界,,山西・长治,长治市长治东高速收费站西2公里太行欢乐谷,4.3,,项目刺激，小吃愉悦味蕾,https://piao.qunar.com/ticket/detail_2449018899.html?st=a3clM0QlRTUlQjElQjElRTglQTUlQkYlMjZpZCUzRDQ2MTY3MyUyNnR5cGUlM0QwJTI2aWR4JTNENjA4JTI2cXQlM0QlMjZhcGslM0QyJTI2c2MlM0RXV1clMjZ1ciUzRCVFNiU5OSU4QiVFNCVCOCVBRCUyNmxyJTNEJUU2JTk5JThCJUU0JUI4JUFEJTI2ZnQlM0QlN0IlN0QlMjZzdCUzRHB1#from=mpl_search_suggest
云海曲艺社,,山西・大同・平城区,大同市清远门内街潘家园西外围A区1-2号朝阳宫对面,5,48,2015年12月，“云海曲艺社”正式挂牌成立，至今已有5个年头，云海曲艺社成为大同曲艺人才洼地，演出节目包括大同数来宝、,https://piao.qunar.com/ticket/detail_3899655545.html?st=a3clM0QlRTUlQjElQjElRTglQTUlQkYlMjZpZCUzRDUxMDEzMCUyNnR5cGUlM0QwJTI2aWR4JTNENjA5JTI2cXQlM0QlMjZhcGslM0QyJTI2c2MlM0RXV1clMjZ1ciUzRCVFNiU5OSU4QiVFNCVCOCVBRCUyNmxyJTNEJUU2JTk5JThCJUU0JUI4JUFEJTI2ZnQlM0QlN0IlN0QlMjZzdCUzRHB1#from=mpl_search_suggest
平遥古城热气球飞行体验,,山西・晋中・平遥县,晋中市平遥县生态植物园,5,,在空中以全新视角看古城,https://piao.qunar.com/ticket/detail_2203727193.html?st=a3clM0QlRTUlQjElQjElRTglQTUlQkYlMjZpZCUzRDQ1NzYxOSUyNnR5cGUlM0QwJTI2aWR4JTNENjEwJTI2cXQlM0QlMjZhcGslM0QyJTI2c2MlM0RXV1clMjZ1ciUzRCVFNiU5OSU4QiVFNCVCOCVBRCUyNmxyJTNEJUU2JTk5JThCJUU0JUI4JUFEJTI2ZnQlM0QlN0IlN0QlMjZzdCUzRHB1#from=mpl_search_suggest
山西省体育博物馆,,山西・太原・迎泽区,太原市迎泽区双塔西街40号,,,,https://piao.qunar.com/ticket/detail_2568055237.html?st=a3clM0QlRTUlQjElQjElRTglQTUlQkYlMjZpZCUzRDUyOTI4OSUyNnR5cGUlM0QwJTI2aWR4JTNENjExJTI2cXQlM0QlMjZhcGslM0QyJTI2c2MlM0RXV1clMjZ1ciUzRCVFNiU5OSU4QiVFNCVCOCVBRCUyNmxyJTNEJUU2JTk5JThCJUU0JUI4JUFEJTI2ZnQlM0QlN0IlN0QlMjZzdCUzRHB1#from=mpl_search_suggest
楼烦古城遗址,,山西・太原・娄烦县,山西-朔州,,,时至今日，只剩下一些残存的古城墙,https://piao.qunar.com/ticket/detail_3618746231.html?st=a3clM0QlRTUlQjElQjElRTglQTUlQkYlMjZpZCUzRDQwNDElMjZ0eXBlJTNEMCUyNmlkeCUzRDYxMiUyNnF0JTNEJTI2YXBrJTNEMiUyNnNjJTNEV1dXJTI2dXIlM0QlRTYlOTklOEIlRTQlQjglQUQlMjZsciUzRCVFNiU5OSU4QiVFNCVCOCVBRCUyNmZ0JTNEJTdCJTdEJTI2c3QlM0RwdQ%3D%3D#from=mpl_search_suggest
洪洞首届国际梦幻灯光节,,山西・临汾・洪洞县,山西省临汾市洪洞县,1,,洪洞县秦壁生态园占地300余亩，拥有完善的园区设施，灯光节的开幕更是为园区的魅力点亮了一颗夜之星。每当夜幕降临，亿万颗灯,https://piao.qunar.com/ticket/detail_3668020154.html?st=a3clM0QlRTUlQjElQjElRTglQTUlQkYlMjZpZCUzRDQ1OTYwOSUyNnR5cGUlM0QwJTI2aWR4JTNENjEzJTI2cXQlM0QlMjZhcGslM0QyJTI2c2MlM0RXV1clMjZ1ciUzRCVFNiU5OSU4QiVFNCVCOCVBRCUyNmxyJTNEJUU2JTk5JThCJUU0JUI4JUFEJTI2ZnQlM0QlN0IlN0QlMjZzdCUzRHB1#from=mpl_search_suggest
边墙五堡,,山西・大同,山西省大同市,5,,大同市境内明长城较为突出地段,https://piao.qunar.com/ticket/detail_226551052.html?st=a3clM0QlRTUlQjElQjElRTglQTUlQkYlMjZpZCUzRDE4ODYyMSUyNnR5cGUlM0QwJTI2aWR4JTNENjE0JTI2cXQlM0QlMjZhcGslM0QyJTI2c2MlM0RXV1clMjZ1ciUzRCVFNiU5OSU4QiVFNCVCOCVBRCUyNmxyJTNEJUU2JTk5JThCJUU0JUI4JUFEJTI2ZnQlM0QlN0IlN0QlMjZzdCUzRHB1#from=mpl_search_suggest
晋阳古城考古博物馆,,山西・太原・晋源区,山西省太原市晋源区太原古县城,,,,https://piao.qunar.com/ticket/detail_4023778888.html?st=a3clM0QlRTUlQjElQjElRTglQTUlQkYlMjZpZCUzRDUzMDMzNCUyNnR5cGUlM0QwJTI2aWR4JTNENjE1JTI2cXQlM0QlMjZhcGslM0QyJTI2c2MlM0RXV1clMjZ1ciUzRCVFNiU5OSU4QiVFNCVCOCVBRCUyNmxyJTNEJUU2JTk5JThCJUU0JUI4JUFEJTI2ZnQlM0QlN0IlN0QlMjZzdCUzRHB1#from=mpl_search_suggest
科尔鸭俱乐部（榆次万达馆）,,山西・晋中・榆次区,晋中市榆次区龙湖大街万达广场3层,,,要说宠物界的新秀，你一定听过柯尔鸭的大名，圆滚滚雪白白，一戳，就会嘎嘎嘎嘎嘎笑不停，它圆滚滚的外形，浑身雪白的羽毛，小小,https://piao.qunar.com/ticket/detail_2237620699.html?st=a3clM0QlRTUlQjElQjElRTglQTUlQkYlMjZpZCUzRDUxMDY5MSUyNnR5cGUlM0QwJTI2aWR4JTNENjMxJTI2cXQlM0QlMjZhcGslM0QyJTI2c2MlM0RXV1clMjZ1ciUzRCVFNiU5OSU4QiVFNCVCOCVBRCUyNmxyJTNEJUU2JTk5JThCJUU0JUI4JUFEJTI2ZnQlM0QlN0IlN0QlMjZzdCUzRHB1#from=mpl_search_suggest
紫芸阡,,山西・晋城・皇城相府,山西省晋城市阳城县北留镇皇城村皇城相府内,,,御碑林立，松柏苍翠，红叶如画，紫气萦绕,https://piao.qunar.com/ticket/detail_4190514218.html?st=a3clM0QlRTUlQjElQjElRTglQTUlQkYlMjZpZCUzRDIxNjAwJTI2dHlwZSUzRDAlMjZpZHglM0Q2MzIlMjZxdCUzRCUyNmFwayUzRDIlMjZzYyUzRFdXVyUyNnVyJTNEJUU2JTk5JThCJUU0JUI4JUFEJTI2bHIlM0QlRTYlOTklOEIlRTQlQjglQUQlMjZmdCUzRCU3QiU3RCUyNnN0JTNEcHU%3D#from=mpl_search_suggest
5D动感体验厅,,山西・运城・盐湖区,山西省运城市人民公园,,,超炫5D犹如身临其近,https://piao.qunar.com/ticket/detail_2510164173.html?st=a3clM0QlRTUlQjElQjElRTglQTUlQkYlMjZpZCUzRDE5NTIyMSUyNnR5cGUlM0QwJTI2aWR4JTNENjMzJTI2cXQlM0QlMjZhcGslM0QyJTI2c2MlM0RXV1clMjZ1ciUzRCVFNiU5OSU4QiVFNCVCOCVBRCUyNmxyJTNEJUU2JTk5JThCJUU0JUI4JUFEJTI2ZnQlM0QlN0IlN0QlMjZzdCUzRHB1#from=mpl_search_suggest
南涅水石刻造像馆,,山西・长治・沁县,山西省长治市沁县城南二郎山巅,,,沁县古称铜L，公元前514年置县，自古即为人文荟萃之邑，省级重点文物保护单位3处。位于沁县二郎山的南涅水石刻馆内藏北魏至,https://piao.qunar.com/ticket/detail_581686436.html?st=a3clM0QlRTUlQjElQjElRTglQTUlQkYlMjZpZCUzRDE4ODY4NiUyNnR5cGUlM0QwJTI2aWR4JTNENjM0JTI2cXQlM0QlMjZhcGslM0QyJTI2c2MlM0RXV1clMjZ1ciUzRCVFNiU5OSU4QiVFNCVCOCVBRCUyNmxyJTNEJUU2JTk5JThCJUU0JUI4JUFEJTI2ZnQlM0QlN0IlN0QlMjZzdCUzRHB1#from=mpl_search_suggest
洪福寺,,山西・忻州・定襄县,山西忻州定襄县城东北23公里之北社东,,,进深三间，构造极其坚实美观,https://piao.qunar.com/ticket/detail_1701798547.html?st=a3clM0QlRTUlQjElQjElRTglQTUlQkYlMjZpZCUzRDkxMTElMjZ0eXBlJTNEMCUyNmlkeCUzRDYzNSUyNnF0JTNEJTI2YXBrJTNEMiUyNnNjJTNEV1dXJTI2dXIlM0QlRTYlOTklOEIlRTQlQjglQUQlMjZsciUzRCVFNiU5OSU4QiVFNCVCOCVBRCUyNmZ0JTNEJTdCJTdEJTI2c3QlM0RwdQ%3D%3D#from=mpl_search_suggest
歇山顶,,山西・晋中・昭馀古城茶商文化旅游区,,,,由一条正脊、四条垂脊、四条戗脊组成,https://piao.qunar.com/ticket/detail_2608470842.html?st=a3clM0QlRTUlQjElQjElRTglQTUlQkYlMjZpZCUzRDE5ODMxJTI2dHlwZSUzRDAlMjZpZHglM0Q2MzYlMjZxdCUzRCUyNmFwayUzRDIlMjZzYyUzRFdXVyUyNnVyJTNEJUU2JTk5JThCJUU0JUI4JUFEJTI2bHIlM0QlRTYlOTklOEIlRTQlQjglQUQlMjZmdCUzRCU3QiU3RCUyNnN0JTNEcHU%3D#from=mpl_search_suggest
酷爱天空蹦床公园(公元时代城店),,山西・太原・万柏林区,迎泽西大街与和平南路交叉口西南角公元时代城购物中心3层,,,,https://piao.qunar.com/ticket/detail_764104322.html?st=a3clM0QlRTUlQjElQjElRTglQTUlQkYlMjZpZCUzRDUzODYwNCUyNnR5cGUlM0QwJTI2aWR4JTNENjM3JTI2cXQlM0QlMjZhcGslM0QyJTI2c2MlM0RXV1clMjZ1ciUzRCVFNiU5OSU4QiVFNCVCOCVBRCUyNmxyJTNEJUU2JTk5JThCJUU0JUI4JUFEJTI2ZnQlM0QlN0IlN0QlMjZzdCUzRHB1#from=mpl_search_suggest
巨鑫农业园,,山西・晋中・太谷县,山西省晋中市太谷县北泊寰搛闻┮翟扒,5,,红颜草莓采摘园,https://piao.qunar.com/ticket/detail_1177414059.html?st=a3clM0QlRTUlQjElQjElRTglQTUlQkYlMjZpZCUzRDQ2MzEzMiUyNnR5cGUlM0QwJTI2aWR4JTNENjM4JTI2cXQlM0QlMjZhcGslM0QyJTI2c2MlM0RXV1clMjZ1ciUzRCVFNiU5OSU4QiVFNCVCOCVBRCUyNmxyJTNEJUU2JTk5JThCJUU0JUI4JUFEJTI2ZnQlM0QlN0IlN0QlMjZzdCUzRHB1#from=mpl_search_suggest
老顶山神农彩虹旱滑游乐园,,山西・长治・潞州区,长治市潞州区老顶山森林公园内,,,老顶山神农彩虹旱滑游乐园,https://piao.qunar.com/ticket/detail_2190239352.html?st=a3clM0QlRTUlQjElQjElRTglQTUlQkYlMjZpZCUzRDUwNTI3NSUyNnR5cGUlM0QwJTI2aWR4JTNENjM5JTI2cXQlM0QlMjZhcGslM0QyJTI2c2MlM0RXV1clMjZ1ciUzRCVFNiU5OSU4QiVFNCVCOCVBRCUyNmxyJTNEJUU2JTk5JThCJUU0JUI4JUFEJTI2ZnQlM0QlN0IlN0QlMjZzdCUzRHB1#from=mpl_search_suggest
净因寺,,山西・太原・尖草坪区,太原市尖草坪区土堂村土堂小学西北方100米,3.8,7,9米高的大佛塑像,https://piao.qunar.com/ticket/detail_3508998953.html?st=a3clM0QlRTUlQjElQjElRTglQTUlQkYlMjZpZCUzRDQ2MDc2NSUyNnR5cGUlM0QwJTI2aWR4JTNENjQwJTI2cXQlM0QlMjZhcGslM0QyJTI2c2MlM0RXV1clMjZ1ciUzRCVFNiU5OSU4QiVFNCVCOCVBRCUyNmxyJTNEJUU2JTk5JThCJUU0JUI4JUFEJTI2ZnQlM0QlN0IlN0QlMjZzdCUzRHB1#from=mpl_search_suggest
猫咪博物馆（临汾万达店）,,山西・临汾・尧都区,山西省临汾市尧都区常兴中街120号万达广场F3,5,,,https://piao.qunar.com/ticket/detail_791808025.html?st=a3clM0QlRTUlQjElQjElRTglQTUlQkYlMjZpZCUzRDUxNDE5OSUyNnR5cGUlM0QwJTI2aWR4JTNENjQxJTI2cXQlM0QlMjZhcGslM0QyJTI2c2MlM0RXV1clMjZ1ciUzRCVFNiU5OSU4QiVFNCVCOCVBRCUyNmxyJTNEJUU2JTk5JThCJUU0JUI4JUFEJTI2ZnQlM0QlN0IlN0QlMjZzdCUzRHB1#from=mpl_search_suggest
一龙壁,,山西・大同・大同县,山西省大同市大同县,,,大通县的一龙壁应为清代遗物,https://piao.qunar.com/ticket/detail_877374236.html?st=a3clM0QlRTUlQjElQjElRTglQTUlQkYlMjZpZCUzRDE3NCUyNnR5cGUlM0QwJTI2aWR4JTNENjQyJTI2cXQlM0QlMjZhcGslM0QyJTI2c2MlM0RXV1clMjZ1ciUzRCVFNiU5OSU4QiVFNCVCOCVBRCUyNmxyJTNEJUU2JTk5JThCJUU0JUI4JUFEJTI2ZnQlM0QlN0IlN0QlMjZzdCUzRHB1#from=mpl_search_suggest
梦回天桥演艺剧场,,山西・太原・晋源区,太原市晋源区晋源东街太原古县城,,,,https://piao.qunar.com/ticket/detail_429812030.html?st=a3clM0QlRTUlQjElQjElRTglQTUlQkYlMjZpZCUzRDUzNDczNSUyNnR5cGUlM0QwJTI2aWR4JTNENjQzJTI2cXQlM0QlMjZhcGslM0QyJTI2c2MlM0RXV1clMjZ1ciUzRCVFNiU5OSU4QiVFNCVCOCVBRCUyNmxyJTNEJUU2JTk5JThCJUU0JUI4JUFEJTI2ZnQlM0QlN0IlN0QlMjZzdCUzRHB1#from=mpl_search_suggest
乐仕堡儿童拓展中心,,山西・大同・城区,山西省大同市城区魏都大道云中商城A座春毅电器一层北都商场,,,乐仕堡儿童拓展，是全面专注于素质教育与娱乐相结合的理想拓展项目，也是集教育p娱乐p智力开发p体能拓展于一体的教育乐园。该,https://piao.qunar.com/ticket/detail_3974541957.html?st=a3clM0QlRTUlQjElQjElRTglQTUlQkYlMjZpZCUzRDE5ODk3MiUyNnR5cGUlM0QwJTI2aWR4JTNENjQ0JTI2cXQlM0QlMjZhcGslM0QyJTI2c2MlM0RXV1clMjZ1ciUzRCVFNiU5OSU4QiVFNCVCOCVBRCUyNmxyJTNEJUU2JTk5JThCJUU0JUI4JUFEJTI2ZnQlM0QlN0IlN0QlMjZzdCUzRHB1#from=mpl_search_suggest
北吉祥寺,,山西・晋城・陵川县,在山西陵川县城西15公里社义镇西隅,,,细流环绕，规模宏敞，布局严谨，结构简练,https://piao.qunar.com/ticket/detail_4210775600.html?st=a3clM0QlRTUlQjElQjElRTglQTUlQkYlMjZpZCUzRDEwNTQxJTI2dHlwZSUzRDAlMjZpZHglM0Q2NDUlMjZxdCUzRCUyNmFwayUzRDIlMjZzYyUzRFdXVyUyNnVyJTNEJUU2JTk5JThCJUU0JUI4JUFEJTI2bHIlM0QlRTYlOTklOEIlRTQlQjglQUQlMjZmdCUzRCU3QiU3RCUyNnN0JTNEcHU%3D#from=mpl_search_suggest
庞泉沟侏罗纪恐龙世界,,山西・吕梁・交城县,吕梁市交城县中庄村庞泉沟水上乐园正对面,,,翻开属于侏罗纪时代的故事之书,https://piao.qunar.com/ticket/detail_2796703950.html?st=a3clM0QlRTUlQjElQjElRTglQTUlQkYlMjZpZCUzRDQ1OTczOCUyNnR5cGUlM0QwJTI2aWR4JTNENjQ2JTI2cXQlM0QlMjZhcGslM0QyJTI2c2MlM0RXV1clMjZ1ciUzRCVFNiU5OSU4QiVFNCVCOCVBRCUyNmxyJTNEJUU2JTk5JThCJUU0JUI4JUFEJTI2ZnQlM0QlN0IlN0QlMjZzdCUzRHB1#from=mpl_search_suggest
运城星空美拍艺术馆,,山西・运城・盐湖区,山西省运城市盐湖区禹都东街辅路新华联3层,,,一座城市，一个不可复制的艺术馆。拥有炫酷的场景和身临其境的沉浸式体验，是不可错过的潮人拍照圣地。,https://piao.qunar.com/ticket/detail_3158744974.html?st=a3clM0QlRTUlQjElQjElRTglQTUlQkYlMjZpZCUzRDUwNDE5MCUyNnR5cGUlM0QwJTI2aWR4JTNENjQ3JTI2cXQlM0QlMjZhcGslM0QyJTI2c2MlM0RXV1clMjZ1ciUzRCVFNiU5OSU4QiVFNCVCOCVBRCUyNmxyJTNEJUU2JTk5JThCJUU0JUI4JUFEJTI2ZnQlM0QlN0IlN0QlMjZzdCUzRHB1#from=mpl_search_suggest
关帝影视城,,山西・运城・盐湖区,山西省运城市盐湖区常平村,4.8,,为拍摄而建的仿汉建筑群,https://piao.qunar.com/ticket/detail_865420161.html?st=a3clM0QlRTUlQjElQjElRTglQTUlQkYlMjZpZCUzRDE5MTQyOCUyNnR5cGUlM0QwJTI2aWR4JTNENjQ4JTI2cXQlM0QlMjZhcGslM0QyJTI2c2MlM0RXV1clMjZ1ciUzRCVFNiU5OSU4QiVFNCVCOCVBRCUyNmxyJTNEJUU2JTk5JThCJUU0JUI4JUFEJTI2ZnQlM0QlN0IlN0QlMjZzdCUzRHB1#from=mpl_search_suggest
会动的清明上河图文化主题展(长治站),,山西・长治,捉马西大街123号沁芳汇生活广场1层,5,,,https://piao.qunar.com/ticket/detail_2094181565.html?st=a3clM0QlRTUlQjElQjElRTglQTUlQkYlMjZpZCUzRDUyNDg3NCUyNnR5cGUlM0QwJTI2aWR4JTNENjQ5JTI2cXQlM0QlMjZhcGslM0QyJTI2c2MlM0RXV1clMjZ1ciUzRCVFNiU5OSU4QiVFNCVCOCVBRCUyNmxyJTNEJUU2JTk5JThCJUU0JUI4JUFEJTI2ZnQlM0QlN0IlN0QlMjZzdCUzRHB1#from=mpl_search_suggest
潮宠HOME（大同百盛云中路店）,,山西・大同・平城区,平城区清远西街百盛云中店负一层AS-B1F-026B,,,,https://piao.qunar.com/ticket/detail_1075423787.html?st=a3clM0QlRTUlQjElQjElRTglQTUlQkYlMjZpZCUzRDUyNTYwOCUyNnR5cGUlM0QwJTI2aWR4JTNENjUwJTI2cXQlM0QlMjZhcGslM0QyJTI2c2MlM0RXV1clMjZ1ciUzRCVFNiU5OSU4QiVFNCVCOCVBRCUyNmxyJTNEJUU2JTk5JThCJUU0JUI4JUFEJTI2ZnQlM0QlN0IlN0QlMjZzdCUzRHB1#from=mpl_search_suggest
中道庄门楼,,山西・晋城・皇城相府,山西省晋城市阳城县北留镇皇城村皇城相府,,,罕见的封建官宦府第建筑群，极具观赏价值,https://piao.qunar.com/ticket/detail_377310623.html?st=a3clM0QlRTUlQjElQjElRTglQTUlQkYlMjZpZCUzRDIxMTI2JTI2dHlwZSUzRDAlMjZpZHglM0Q2NTElMjZxdCUzRCUyNmFwayUzRDIlMjZzYyUzRFdXVyUyNnVyJTNEJUU2JTk5JThCJUU0JUI4JUFEJTI2bHIlM0QlRTYlOTklOEIlRTQlQjglQUQlMjZmdCUzRCU3QiU3RCUyNnN0JTNEcHU%3D#from=mpl_search_suggest
舜帝陵水上乐园,,山西・运城・盐湖区,运城市盐湖区复旦大街舜帝公园内,,,,https://piao.qunar.com/ticket/detail_1156893331.html?st=a3clM0QlRTUlQjElQjElRTglQTUlQkYlMjZpZCUzRDQ3NDgzOCUyNnR5cGUlM0QwJTI2aWR4JTNENjUyJTI2cXQlM0QlMjZhcGslM0QyJTI2c2MlM0RXV1clMjZ1ciUzRCVFNiU5OSU4QiVFNCVCOCVBRCUyNmxyJTNEJUU2JTk5JThCJUU0JUI4JUFEJTI2ZnQlM0QlN0IlN0QlMjZzdCUzRHB1#from=mpl_search_suggest
朔州星乐海滩水上乐园,,山西・朔州・朔城区,山西省朔州市朔城区北旺庄街道马邑南路星悦港C区10号商铺,5,,朔州星乐海滩水上乐园是一家以热带海洋风格为主题，是一个集水上娱乐、文化体验、亲水休闲、美食享受、文艺表演等多*能于一体的,https://piao.qunar.com/ticket/detail_3179699483.html?st=a3clM0QlRTUlQjElQjElRTglQTUlQkYlMjZpZCUzRDUxOTQ3OSUyNnR5cGUlM0QwJTI2aWR4JTNENjUzJTI2cXQlM0QlMjZhcGslM0QyJTI2c2MlM0RXV1clMjZ1ciUzRCVFNiU5OSU4QiVFNCVCOCVBRCUyNmxyJTNEJUU2JTk5JThCJUU0JUI4JUFEJTI2ZnQlM0QlN0IlN0QlMjZzdCUzRHB1#from=mpl_search_suggest
山西省艺术博物馆,,山西・太原・迎泽区,山西省太原市迎泽区起凤街1号,,,,https://piao.qunar.com/ticket/detail_1333646085.html?st=a3clM0QlRTUlQjElQjElRTglQTUlQkYlMjZpZCUzRDUzNTA5MSUyNnR5cGUlM0QwJTI2aWR4JTNENjU0JTI2cXQlM0QlMjZhcGslM0QyJTI2c2MlM0RXV1clMjZ1ciUzRCVFNiU5OSU4QiVFNCVCOCVBRCUyNmxyJTNEJUU2JTk5JThCJUU0JUI4JUFEJTI2ZnQlM0QlN0IlN0QlMjZzdCUzRHB1#from=mpl_search_suggest
冠山,,山西・阳泉・平定县,山西省阳泉市平定县,,,集自然、古迹于一身，融儒、释、道于一体,https://piao.qunar.com/ticket/detail_2256870007.html?st=a3clM0QlRTUlQjElQjElRTglQTUlQkYlMjZpZCUzRDkzNTUlMjZ0eXBlJTNEMCUyNmlkeCUzRDY1NSUyNnF0JTNEJTI2YXBrJTNEMiUyNnNjJTNEV1dXJTI2dXIlM0QlRTYlOTklOEIlRTQlQjglQUQlMjZsciUzRCVFNiU5OSU4QiVFNCVCOCVBRCUyNmZ0JTNEJTdCJTdEJTI2c3QlM0RwdQ%3D%3D#from=mpl_search_suggest
喜乐多动漫水上乐园,,山西・运城・夏县,山西运城夏县八一街夏县实验中学斜对面,,,欢乐就要无拘无束，欢乐就要三五成群，欢乐就要进行到底。早已厌倦了公园里重复的游乐设施，没创意。早已看腻了园子里规矩的人造,https://piao.qunar.com/ticket/detail_2766819530.html?st=a3clM0QlRTUlQjElQjElRTglQTUlQkYlMjZpZCUzRDIxNTgwMiUyNnR5cGUlM0QwJTI2aWR4JTNENjU2JTI2cXQlM0QlMjZhcGslM0QyJTI2c2MlM0RXV1clMjZ1ciUzRCVFNiU5OSU4QiVFNCVCOCVBRCUyNmxyJTNEJUU2JTk5JThCJUU0JUI4JUFEJTI2ZnQlM0QlN0IlN0QlMjZzdCUzRHB1#from=mpl_search_suggest
祁皇后墓,,山西・大同・大同县,山西省大同市大同县,,,在大同东北三十里孤山之北，冢头峻绝如山，也名歧山。,https://piao.qunar.com/ticket/detail_2336009282.html?st=a3clM0QlRTUlQjElQjElRTglQTUlQkYlMjZpZCUzRDE1NDY1JTI2dHlwZSUzRDAlMjZpZHglM0Q2NTclMjZxdCUzRCUyNmFwayUzRDIlMjZzYyUzRFdXVyUyNnVyJTNEJUU2JTk5JThCJUU0JUI4JUFEJTI2bHIlM0QlRTYlOTklOEIlRTQlQjglQUQlMjZmdCUzRCU3QiU3RCUyNnN0JTNEcHU%3D#from=mpl_search_suggest
太行太岳烈士陵园,,山西・长治・上党区,山西省长治市长治县东华门67号,,,英雄功劳换民族幸福，烈士血汗定国家安全,https://piao.qunar.com/ticket/detail_3175843812.html?st=a3clM0QlRTUlQjElQjElRTglQTUlQkYlMjZpZCUzRDE1NTgwJTI2dHlwZSUzRDAlMjZpZHglM0Q2NTglMjZxdCUzRCUyNmFwayUzRDIlMjZzYyUzRFdXVyUyNnVyJTNEJUU2JTk5JThCJUU0JUI4JUFEJTI2bHIlM0QlRTYlOTklOEIlRTQlQjglQUQlMjZmdCUzRCU3QiU3RCUyNnN0JTNEcHU%3D#from=mpl_search_suggest
潇河戏雪乐园,,山西・晋中・榆次区,晋中市榆次区凤栖大街,,,,https://piao.qunar.com/ticket/detail_2559895266.html?st=a3clM0QlRTUlQjElQjElRTglQTUlQkYlMjZpZCUzRDUzNjA2NyUyNnR5cGUlM0QwJTI2aWR4JTNENjU5JTI2cXQlM0QlMjZhcGslM0QyJTI2c2MlM0RXV1clMjZ1ciUzRCVFNiU5OSU4QiVFNCVCOCVBRCUyNmxyJTNEJUU2JTk5JThCJUU0JUI4JUFEJTI2ZnQlM0QlN0IlN0QlMjZzdCUzRHB1#from=mpl_search_suggest
宇文河冰雪嘉年华,,山西・太原・尖草坪区,山西省太原市尖草坪区X256,,,,https://piao.qunar.com/ticket/detail_154784322.html?st=a3clM0QlRTUlQjElQjElRTglQTUlQkYlMjZpZCUzRDUzMTY0NyUyNnR5cGUlM0QwJTI2aWR4JTNENjYwJTI2cXQlM0QlMjZhcGslM0QyJTI2c2MlM0RXV1clMjZ1ciUzRCVFNiU5OSU4QiVFNCVCOCVBRCUyNmxyJTNEJUU2JTk5JThCJUU0JUI4JUFEJTI2ZnQlM0QlN0IlN0QlMjZzdCUzRHB1#from=mpl_search_suggest
玉皇顶,,山西・临汾・云丘山景区,山西市临汾市云丘山旅游风景区,5,,一览众山小，朝拜玉皇爷，一年事事好,https://piao.qunar.com/ticket/detail_1234593864.html?st=a3clM0QlRTUlQjElQjElRTglQTUlQkYlMjZpZCUzRDE4ODcxMCUyNnR5cGUlM0QwJTI2aWR4JTNENjc2JTI2cXQlM0QlMjZhcGslM0QyJTI2c2MlM0RXV1clMjZ1ciUzRCVFNiU5OSU4QiVFNCVCOCVBRCUyNmxyJTNEJUU2JTk5JThCJUU0JUI4JUFEJTI2ZnQlM0QlN0IlN0QlMjZzdCUzRHB1#from=mpl_search_suggest
天美杉杉奥特莱斯蹦床公园(天美杉杉奥特莱斯广场店),,山西・晋中・榆次区,山西省晋中市榆次区龙湖街1056号(近大学城)天美杉杉奥特莱斯1层,,,天美杉杉奥特莱斯蹦床公园是以蹦床为基础，结合多种娱乐运动项目的体验式室内运动公园，场馆设有自由蹦床区、拓展蹦床区、扣篮蹦,https://piao.qunar.com/ticket/detail_1873389036.html?st=a3clM0QlRTUlQjElQjElRTglQTUlQkYlMjZpZCUzRDUwNDk0NCUyNnR5cGUlM0QwJTI2aWR4JTNENjc3JTI2cXQlM0QlMjZhcGslM0QyJTI2c2MlM0RXV1clMjZ1ciUzRCVFNiU5OSU4QiVFNCVCOCVBRCUyNmxyJTNEJUU2JTk5JThCJUU0JUI4JUFEJTI2ZnQlM0QlN0IlN0QlMjZzdCUzRHB1#from=mpl_search_suggest
千年景区国际滑雪场,,山西・吕梁,山西省吕梁市信义镇千年里千年景区,,,,https://piao.qunar.com/ticket/detail_1899272935.html?st=a3clM0QlRTUlQjElQjElRTglQTUlQkYlMjZpZCUzRDUwOTYwOSUyNnR5cGUlM0QwJTI2aWR4JTNENjc4JTI2cXQlM0QlMjZhcGslM0QyJTI2c2MlM0RXV1clMjZ1ciUzRCVFNiU5OSU4QiVFNCVCOCVBRCUyNmxyJTNEJUU2JTk5JThCJUU0JUI4JUFEJTI2ZnQlM0QlN0IlN0QlMjZzdCUzRHB1#from=mpl_search_suggest
乌金山旅游区,,山西・晋中・榆次区,晋中市榆次区乌金山镇,,,乌金山旅游区主要由乌金山国家森林公园和乌金山狂欢谷两大部分组成。乌金山国家森林公园有着超90%的森林覆盖率，动植物300,https://piao.qunar.com/ticket/detail_1805134504.html?st=a3clM0QlRTUlQjElQjElRTglQTUlQkYlMjZpZCUzRDUxNjgzNiUyNnR5cGUlM0QwJTI2aWR4JTNENjc5JTI2cXQlM0QlMjZhcGslM0QyJTI2c2MlM0RXV1clMjZ1ciUzRCVFNiU5OSU4QiVFNCVCOCVBRCUyNmxyJTNEJUU2JTk5JThCJUU0JUI4JUFEJTI2ZnQlM0QlN0IlN0QlMjZzdCUzRHB1#from=mpl_search_suggest
黑龙庙,,山西・吕梁・临县,山西省吕梁地区临县碛口镇,,,黑龙庙位于临县南端湫水河入口处的碛口镇卧虎山。据清乾隆二十一年增修钟鼓楼碑记载：庙创建于明代。雍正年间增建乐楼。道光年间,https://piao.qunar.com/ticket/detail_2061726881.html?st=a3clM0QlRTUlQjElQjElRTglQTUlQkYlMjZpZCUzRDUwOTEzNCUyNnR5cGUlM0QwJTI2aWR4JTNENjgwJTI2cXQlM0QlMjZhcGslM0QyJTI2c2MlM0RXV1clMjZ1ciUzRCVFNiU5OSU4QiVFNCVCOCVBRCUyNmxyJTNEJUU2JTk5JThCJUU0JUI4JUFEJTI2ZnQlM0QlN0IlN0QlMjZzdCUzRHB1#from=mpl_search_suggest
大同同乐夏季“冰雪”音乐乐园,,山西・大同,山西大同古城内西北隅广场（大十字街口，原马戏场地）,,,夏季冰雪音乐乐园,https://piao.qunar.com/ticket/detail_892500511.html?st=a3clM0QlRTUlQjElQjElRTglQTUlQkYlMjZpZCUzRDQ2NjI2OCUyNnR5cGUlM0QwJTI2aWR4JTNENjgxJTI2cXQlM0QlMjZhcGslM0QyJTI2c2MlM0RXV1clMjZ1ciUzRCVFNiU5OSU4QiVFNCVCOCVBRCUyNmxyJTNEJUU2JTk5JThCJUU0JUI4JUFEJTI2ZnQlM0QlN0IlN0QlMjZzdCUzRHB1#from=mpl_search_suggest
凤凰谷玻璃吊桥,,山西・运城・盐湖区,山西省运城市盐湖区凤凰谷森林公园,,,"玻璃吊桥建在山谷两侧的山顶上,桥拱距谷底相对高度约121.8米,桥宽2.38米,全长约188米,桥面全部采用透明玻璃铺设",https://piao.qunar.com/ticket/detail_976999298.html?st=a3clM0QlRTUlQjElQjElRTglQTUlQkYlMjZpZCUzRDQ3NTc4NCUyNnR5cGUlM0QwJTI2aWR4JTNENjgyJTI2cXQlM0QlMjZhcGslM0QyJTI2c2MlM0RXV1clMjZ1ciUzRCVFNiU5OSU4QiVFNCVCOCVBRCUyNmxyJTNEJUU2JTk5JThCJUU0JUI4JUFEJTI2ZnQlM0QlN0IlN0QlMjZzdCUzRHB1#from=mpl_search_suggest
九天圣母庙,,山西・长治・平顺县,山西省长治市平顺县,,,殿宇错落有致，殿顶形制各异,https://piao.qunar.com/ticket/detail_2693261209.html?st=a3clM0QlRTUlQjElQjElRTglQTUlQkYlMjZpZCUzRDE4ODY4MSUyNnR5cGUlM0QwJTI2aWR4JTNENjgzJTI2cXQlM0QlMjZhcGslM0QyJTI2c2MlM0RXV1clMjZ1ciUzRCVFNiU5OSU4QiVFNCVCOCVBRCUyNmxyJTNEJUU2JTk5JThCJUU0JUI4JUFEJTI2ZnQlM0QlN0IlN0QlMjZzdCUzRHB1#from=mpl_search_suggest
传奇温泉小鱼,,山西・运城・夏县,温泉路禹泽苑东北侧约160米,,,温泉小鱼充分体现了世界沐浴养生文化的精髓,https://piao.qunar.com/ticket/detail_2554173386.html?st=a3clM0QlRTUlQjElQjElRTglQTUlQkYlMjZpZCUzRDQ2NzQwMSUyNnR5cGUlM0QwJTI2aWR4JTNENjg0JTI2cXQlM0QlMjZhcGslM0QyJTI2c2MlM0RXV1clMjZ1ciUzRCVFNiU5OSU4QiVFNCVCOCVBRCUyNmxyJTNEJUU2JTk5JThCJUU0JUI4JUFEJTI2ZnQlM0QlN0IlN0QlMjZzdCUzRHB1#from=mpl_search_suggest
青龙寺,,山西・运城・稷山县,山西运城稷山县,,,四面辽阔，掩映于枣林之中，别具佳趣,https://piao.qunar.com/ticket/detail_3795440870.html?st=a3clM0QlRTUlQjElQjElRTglQTUlQkYlMjZpZCUzRDEzMzk2JTI2dHlwZSUzRDAlMjZpZHglM0Q2ODUlMjZxdCUzRCUyNmFwayUzRDIlMjZzYyUzRFdXVyUyNnVyJTNEJUU2JTk5JThCJUU0JUI4JUFEJTI2bHIlM0QlRTYlOTklOEIlRTQlQjglQUQlMjZmdCUzRCU3QiU3RCUyNnN0JTNEcHU%3D#from=mpl_search_suggest
禹王城址,,山西・运城・夏县,山西运城夏县,,,土地沃腴，华夏民族的发祥地之一,https://piao.qunar.com/ticket/detail_3112866056.html?st=a3clM0QlRTUlQjElQjElRTglQTUlQkYlMjZpZCUzRDIwNDglMjZ0eXBlJTNEMCUyNmlkeCUzRDY4NiUyNnF0JTNEJTI2YXBrJTNEMiUyNnNjJTNEV1dXJTI2dXIlM0QlRTYlOTklOEIlRTQlQjglQUQlMjZsciUzRCVFNiU5OSU4QiVFNCVCOCVBRCUyNmZ0JTNEJTdCJTdEJTI2c3QlM0RwdQ%3D%3D#from=mpl_search_suggest
晋河养生酒店温泉,,山西・大同・大同县,大同市平城区南环东路36号月星家居旁,,,提供温泉洗浴、精搓、一口点（点心）、水果、按摩等服务。,https://piao.qunar.com/ticket/detail_2155909650.html?st=a3clM0QlRTUlQjElQjElRTglQTUlQkYlMjZpZCUzRDUwNDUyMiUyNnR5cGUlM0QwJTI2aWR4JTNENjg3JTI2cXQlM0QlMjZhcGslM0QyJTI2c2MlM0RXV1clMjZ1ciUzRCVFNiU5OSU4QiVFNCVCOCVBRCUyNmxyJTNEJUU2JTk5JThCJUU0JUI4JUFEJTI2ZnQlM0QlN0IlN0QlMjZzdCUzRHB1#from=mpl_search_suggest
南山新境滑雪场,,山西・运城・盐湖区,运城盐湖区南山新境市民广场生态体育公园康体中心1楼101室,,29.9,,https://piao.qunar.com/ticket/detail_1746607503.html?st=a3clM0QlRTUlQjElQjElRTglQTUlQkYlMjZpZCUzRDUyNTI4OSUyNnR5cGUlM0QwJTI2aWR4JTNENjg4JTI2cXQlM0QlMjZhcGslM0QyJTI2c2MlM0RXV1clMjZ1ciUzRCVFNiU5OSU4QiVFNCVCOCVBRCUyNmxyJTNEJUU2JTk5JThCJUU0JUI4JUFEJTI2ZnQlM0QlN0IlN0QlMjZzdCUzRHB1#from=mpl_search_suggest
袄神楼,,山西・晋中・介休市,在山西介休县北关顺城街,,,我国建筑中上的精品,https://piao.qunar.com/ticket/detail_3935555700.html?st=a3clM0QlRTUlQjElQjElRTglQTUlQkYlMjZpZCUzRDExNDExJTI2dHlwZSUzRDAlMjZpZHglM0Q2ODklMjZxdCUzRCUyNmFwayUzRDIlMjZzYyUzRFdXVyUyNnVyJTNEJUU2JTk5JThCJUU0JUI4JUFEJTI2bHIlM0QlRTYlOTklOEIlRTQlQjglQUQlMjZmdCUzRCU3QiU3RCUyNnN0JTNEcHU%3D#from=mpl_search_suggest
崇善寺,,山西・太原・迎泽区,山西省太原市迎泽区崇善寺9号,5,,历史悠久，既是佛教寺庙，又是皇家祖庙,https://piao.qunar.com/ticket/detail_977874961.html?st=a3clM0QlRTUlQjElQjElRTglQTUlQkYlMjZpZCUzRDE1ODY0JTI2dHlwZSUzRDAlMjZpZHglM0Q2OTAlMjZxdCUzRCUyNmFwayUzRDIlMjZzYyUzRFdXVyUyNnVyJTNEJUU2JTk5JThCJUU0JUI4JUFEJTI2bHIlM0QlRTYlOTklOEIlRTQlQjglQUQlMjZmdCUzRCU3QiU3RCUyNnN0JTNEcHU%3D#from=mpl_search_suggest
鑫宏滑道.卡丁车游乐场,,山西・晋城・白马寺山森林公园,山西省晋城市城区白马寺山下白马绿苑向北300米处,,,体验刺激的同时，欣赏秀美的山色,https://piao.qunar.com/ticket/detail_3606153880.html?st=a3clM0QlRTUlQjElQjElRTglQTUlQkYlMjZpZCUzRDIwMTEzNiUyNnR5cGUlM0QwJTI2aWR4JTNENzA2JTI2cXQlM0QlMjZhcGslM0QyJTI2c2MlM0RXV1clMjZ1ciUzRCVFNSVBNCVBQSVFNSU4RSU5RiUyNmxyJTNEJUU1JUE0JUFBJUU1JThFJTlGJTI2ZnQlM0QlN0IlN0QlMjZzdCUzRHB1#from=mpl_search_suggest
弥陀寺,,山西・晋中・榆社县,山西省晋中市榆社县,,,石彻拱式建筑，偏殿面阔四间,https://piao.qunar.com/ticket/detail_1452740867.html?st=a3clM0QlRTUlQjElQjElRTglQTUlQkYlMjZpZCUzRDc2MDYlMjZ0eXBlJTNEMCUyNmlkeCUzRDcwNyUyNnF0JTNEJTI2YXBrJTNEMiUyNnNjJTNEV1dXJTI2dXIlM0QlRTUlQTQlQUElRTUlOEUlOUYlMjZsciUzRCVFNSVBNCVBQSVFNSU4RSU5RiUyNmZ0JTNEJTdCJTdEJTI2c3QlM0RwdQ%3D%3D#from=mpl_search_suggest
三林堂大院,,山西・阳泉・平定县,山西省阳泉市平定县S315省道娘子关上水石基地北70米,2,,三林堂大院位于娘子关兴隆街西阁楼内侧，坐南朝北，占地面积500平方米，兴建于清嘉庆年间，历史上是一家以典当为生意的店铺。,https://piao.qunar.com/ticket/detail_1928292768.html?st=a3clM0QlRTUlQjElQjElRTglQTUlQkYlMjZpZCUzRDUxMjk2MiUyNnR5cGUlM0QwJTI2aWR4JTNENzA4JTI2cXQlM0QlMjZhcGslM0QyJTI2c2MlM0RXV1clMjZ1ciUzRCVFNSVBNCVBQSVFNSU4RSU5RiUyNmxyJTNEJUU1JUE0JUFBJUU1JThFJTlGJTI2ZnQlM0QlN0IlN0QlMjZzdCUzRHB1#from=mpl_search_suggest
泓祁儿童奶牛主题乐园,,山西・晋中・祁县,晋中市祁县贾令镇南左村村南,,,泓祁儿童奶牛主题乐园东邻贾令-乔家路线，西接祁清、祁晓线，南通108国道，北接清徐、太原，高铁高速互通，地势优越。乐园是,https://piao.qunar.com/ticket/detail_2518271283.html?st=a3clM0QlRTUlQjElQjElRTglQTUlQkYlMjZpZCUzRDUwOTkyNiUyNnR5cGUlM0QwJTI2aWR4JTNENzA5JTI2cXQlM0QlMjZhcGslM0QyJTI2c2MlM0RXV1clMjZ1ciUzRCVFNSVBNCVBQSVFNSU4RSU5RiUyNmxyJTNEJUU1JUE0JUFBJUU1JThFJTlGJTI2ZnQlM0QlN0IlN0QlMjZzdCUzRHB1#from=mpl_search_suggest
万荣军事拓展（真人cs）,,山西・运城・万荣县,山西运城万荣县高村下国道到孤峰山军事拓展（孤峰山水上乐园对面）,,,拓展活动丰富,https://piao.qunar.com/ticket/detail_3789895493.html?st=a3clM0QlRTUlQjElQjElRTglQTUlQkYlMjZpZCUzRDIwMDQ1MiUyNnR5cGUlM0QwJTI2aWR4JTNENzEwJTI2cXQlM0QlMjZhcGslM0QyJTI2c2MlM0RXV1clMjZ1ciUzRCVFNSVBNCVBQSVFNSU4RSU5RiUyNmxyJTNEJUU1JUE0JUFBJUU1JThFJTlGJTI2ZnQlM0QlN0IlN0QlMjZzdCUzRHB1#from=mpl_search_suggest
山西晋之源壁画艺术博物馆,,山西・晋中・榆次区,晋中市榆次区龙田路天美杉杉奥特莱斯广场东北侧约270米,5,40,,https://piao.qunar.com/ticket/detail_2951146872.html?st=a3clM0QlRTUlQjElQjElRTglQTUlQkYlMjZpZCUzRDUyNDY1MSUyNnR5cGUlM0QwJTI2aWR4JTNENzExJTI2cXQlM0QlMjZhcGslM0QyJTI2c2MlM0RXV1clMjZ1ciUzRCVFNSVBNCVBQSVFNSU4RSU5RiUyNmxyJTNEJUU1JUE0JUFBJUU1JThFJTlGJTI2ZnQlM0QlN0IlN0QlMjZzdCUzRHB1#from=mpl_search_suggest
荣欣堂,,山西・晋中・太谷县,山西省晋中市太谷县白城,,,经营山西特产、太谷饼、蜜饯,https://piao.qunar.com/ticket/detail_212541843.html?st=a3clM0QlRTUlQjElQjElRTglQTUlQkYlMjZpZCUzRDQ1OTMxMyUyNnR5cGUlM0QwJTI2aWR4JTNENzEyJTI2cXQlM0QlMjZhcGslM0QyJTI2c2MlM0RXV1clMjZ1ciUzRCVFNSVBNCVBQSVFNSU4RSU5RiUyNmxyJTNEJUU1JUE0JUFBJUU1JThFJTlGJTI2ZnQlM0QlN0IlN0QlMjZzdCUzRHB1#from=mpl_search_suggest
开化寺,,山西・晋城・高平市,山西省晋城高平市区东北17公里舍利山腰,,,殿宇壮观，结构古朴、浑厚，富有艺术美感,https://piao.qunar.com/ticket/detail_581963023.html?st=a3clM0QlRTUlQjElQjElRTglQTUlQkYlMjZpZCUzRDQ1MjAlMjZ0eXBlJTNEMCUyNmlkeCUzRDcxMyUyNnF0JTNEJTI2YXBrJTNEMiUyNnNjJTNEV1dXJTI2dXIlM0QlRTUlQTQlQUElRTUlOEUlOUYlMjZsciUzRCVFNSVBNCVBQSVFNSU4RSU5RiUyNmZ0JTNEJTdCJTdEJTI2c3QlM0RwdQ%3D%3D#from=mpl_search_suggest
花海庄园,,山西・太原・尖草坪区,滨河东路北固碾村口往北50米,5,,欣赏造型各异的轮胎雕塑,https://piao.qunar.com/ticket/detail_218168443.html?st=a3clM0QlRTUlQjElQjElRTglQTUlQkYlMjZpZCUzRDQ1ODc3MSUyNnR5cGUlM0QwJTI2aWR4JTNENzE0JTI2cXQlM0QlMjZhcGslM0QyJTI2c2MlM0RXV1clMjZ1ciUzRCVFNSVBNCVBQSVFNSU4RSU5RiUyNmxyJTNEJUU1JUE0JUFBJUU1JThFJTlGJTI2ZnQlM0QlN0IlN0QlMjZzdCUzRHB1#from=mpl_search_suggest
碧落碑,,山西・运城・新绛县,山西省运城市新绛县碧落碑,,,碑文书法厅古，行笔精绝，以大篆著名,https://piao.qunar.com/ticket/detail_1291665246.html?st=a3clM0QlRTUlQjElQjElRTglQTUlQkYlMjZpZCUzRDExMzcwJTI2dHlwZSUzRDAlMjZpZHglM0Q3MTUlMjZxdCUzRCUyNmFwayUzRDIlMjZzYyUzRFdXVyUyNnVyJTNEJUU1JUE0JUFBJUU1JThFJTlGJTI2bHIlM0QlRTUlQTQlQUElRTUlOEUlOUYlMjZmdCUzRCU3QiU3RCUyNnN0JTNEcHU%3D#from=mpl_search_suggest
西白岸滑雪场,,山西・阳泉・平定县,山西省阳泉市平定县G207与西白岸村线交叉口东南,5,,"冬季本是乡村旅游的淡季，然而，这几天平定县锁簧镇西白岸村却是一番忙碌的景象,西白岸滑雪场已整理滑道，场内游玩项目有：雪圈",https://piao.qunar.com/ticket/detail_2579688105.html?st=a3clM0QlRTUlQjElQjElRTglQTUlQkYlMjZpZCUzRDUwNTY4NyUyNnR5cGUlM0QwJTI2aWR4JTNENzE2JTI2cXQlM0QlMjZhcGslM0QyJTI2c2MlM0RXV1clMjZ1ciUzRCVFNSVBNCVBQSVFNSU4RSU5RiUyNmxyJTNEJUU1JUE0JUFBJUU1JThFJTlGJTI2ZnQlM0QlN0IlN0QlMjZzdCUzRHB1#from=mpl_search_suggest
岳坛水上乐园,,山西・运城,运城市盐湖区十里长街天逸公园斜对面(凤英医院巷内100米),,,,https://piao.qunar.com/ticket/detail_914858205.html?st=a3clM0QlRTUlQjElQjElRTglQTUlQkYlMjZpZCUzRDUyMjEyNyUyNnR5cGUlM0QwJTI2aWR4JTNENzE3JTI2cXQlM0QlMjZhcGslM0QyJTI2c2MlM0RXV1clMjZ1ciUzRCVFNSVBNCVBQSVFNSU4RSU5RiUyNmxyJTNEJUU1JUE0JUFBJUU1JThFJTlGJTI2ZnQlM0QlN0IlN0QlMjZzdCUzRHB1#from=mpl_search_suggest
五龙峰,,山西・晋中・绵山景区,山西省晋中市介休市绵山,,,给人一种真心向佛的感觉,https://piao.qunar.com/ticket/detail_3396282236.html?st=a3clM0QlRTUlQjElQjElRTglQTUlQkYlMjZpZCUzRDQxMzc2JTI2dHlwZSUzRDAlMjZpZHglM0Q3MTglMjZxdCUzRCUyNmFwayUzRDIlMjZzYyUzRFdXVyUyNnVyJTNEJUU1JUE0JUFBJUU1JThFJTlGJTI2bHIlM0QlRTUlQTQlQUElRTUlOEUlOUYlMjZmdCUzRCU3QiU3RCUyNnN0JTNEcHU%3D#from=mpl_search_suggest
神农生态园,,山西・长治,山西省长治市长治县苏店镇西申家庄村,,,,https://piao.qunar.com/ticket/detail_2474976067.html?st=a3clM0QlRTUlQjElQjElRTglQTUlQkYlMjZpZCUzRDUyNDAzNSUyNnR5cGUlM0QwJTI2aWR4JTNENzE5JTI2cXQlM0QlMjZhcGslM0QyJTI2c2MlM0RXV1clMjZ1ciUzRCVFNSVBNCVBQSVFNSU4RSU5RiUyNmxyJTNEJUU1JUE0JUFBJUU1JThFJTlGJTI2ZnQlM0QlN0IlN0QlMjZzdCUzRHB1#from=mpl_search_suggest
珏山,4A景区,山西・晋城・泽州县,晋城市泽州县金村镇寺南庄村,4.6,9,风景素以险峻、雄奇驰名,https://piao.qunar.com/ticket/detail_870271132.html?st=a3clM0QlRTUlQjElQjElRTglQTUlQkYlMjZpZCUzRDE2MzQ3JTI2dHlwZSUzRDAlMjZpZHglM0Q3MjAlMjZxdCUzRCUyNmFwayUzRDIlMjZzYyUzRFdXVyUyNnVyJTNEJUU1JUE0JUFBJUU1JThFJTlGJTI2bHIlM0QlRTUlQTQlQUElRTUlOEUlOUYlMjZmdCUzRCU3QiU3RCUyNnN0JTNEcHU%3D#from=mpl_search_suggest
九龙山滑雪场,,山西・临汾・尧都区,山西省临汾市尧都区土门镇,4.4,,感受“激情与速度”的冰雪狂欢,https://piao.qunar.com/ticket/detail_3872594495.html?st=a3clM0QlRTUlQjElQjElRTglQTUlQkYlMjZpZCUzRDE5MzI5MyUyNnR5cGUlM0QwJTI2aWR4JTNENzIxJTI2cXQlM0QlMjZhcGslM0QyJTI2c2MlM0RXV1clMjZ1ciUzRCVFNSVBNCVBQSVFNSU4RSU5RiUyNmxyJTNEJUU1JUE0JUFBJUU1JThFJTlGJTI2ZnQlM0QlN0IlN0QlMjZzdCUzRHB1#from=mpl_search_suggest
林里关王庙,,山西・阳泉・郊区,山西阳泉市郊区荫营镇林里村,4.5,,林里关王庙又名关帝庙，俗称老爷庙，位于阳泉市郊区荫营镇林里村玉泉山山腰，背山面水，环境清幽，南距市区12公里，占地面积7,https://piao.qunar.com/ticket/detail_3340809117.html?st=a3clM0QlRTUlQjElQjElRTglQTUlQkYlMjZpZCUzRDE5MDg1NiUyNnR5cGUlM0QwJTI2aWR4JTNENzIyJTI2cXQlM0QlMjZhcGslM0QyJTI2c2MlM0RXV1clMjZ1ciUzRCVFNSVBNCVBQSVFNSU4RSU5RiUyNmxyJTNEJUU1JUE0JUFBJUU1JThFJTlGJTI2ZnQlM0QlN0IlN0QlMjZzdCUzRHB1#from=mpl_search_suggest
娘子关瀑布,,山西・阳泉・平定县,阳泉市平定县东北的绵山山麓娘子关旅游景区内,,,人称水帘洞,https://piao.qunar.com/ticket/detail_2554270029.html?st=a3clM0QlRTUlQjElQjElRTglQTUlQkYlMjZpZCUzRDUyODk0MyUyNnR5cGUlM0QwJTI2aWR4JTNENzIzJTI2cXQlM0QlMjZhcGslM0QyJTI2c2MlM0RXV1clMjZ1ciUzRCVFNSVBNCVBQSVFNSU4RSU5RiUyNmxyJTNEJUU1JUE0JUFBJUU1JThFJTlGJTI2ZnQlM0QlN0IlN0QlMjZzdCUzRHB1#from=mpl_search_suggest
洪洞庄园同鑫水上乐园,,山西・临汾・洪洞县,山西省临汾市洪洞县庄园村庄园桥南300米,4,,放眼望去，碧水荡漾,https://piao.qunar.com/ticket/detail_696384713.html?st=a3clM0QlRTUlQjElQjElRTglQTUlQkYlMjZpZCUzRDQ2NDU3MyUyNnR5cGUlM0QwJTI2aWR4JTNENzI0JTI2cXQlM0QlMjZhcGslM0QyJTI2c2MlM0RXV1clMjZ1ciUzRCVFNSVBNCVBQSVFNSU4RSU5RiUyNmxyJTNEJUU1JUE0JUFBJUU1JThFJTlGJTI2ZnQlM0QlN0IlN0QlMjZzdCUzRHB1#from=mpl_search_suggest
傅山纪念馆,,山西・太原・晋祠博物馆,太原市晋源区晋祠镇晋祠博物馆风景名胜区内,,,傅山纪念馆位于距太原市西南二十五公里驰名中外的全国重点风景名胜区晋祠博物馆内胜瀛楼的西南侧，是坐南向北的一座清代建筑的四,https://piao.qunar.com/ticket/detail_4234822454.html?st=a3clM0QlRTUlQjElQjElRTglQTUlQkYlMjZpZCUzRDUwODA0NSUyNnR5cGUlM0QwJTI2aWR4JTNENzI1JTI2cXQlM0QlMjZhcGslM0QyJTI2c2MlM0RXV1clMjZ1ciUzRCVFNSVBNCVBQSVFNSU4RSU5RiUyNmxyJTNEJUU1JUE0JUFBJUU1JThFJTlGJTI2ZnQlM0QlN0IlN0QlMjZzdCUzRHB1#from=mpl_search_suggest
娘子关绵河漂流,,山西・阳泉・平定县,山西省阳泉市平定县娘子关平阳湖景区内,,,夏季漂流，等你来体验。,https://piao.qunar.com/ticket/detail_4050117277.html?st=a3clM0QlRTUlQjElQjElRTglQTUlQkYlMjZpZCUzRDUxOTQ1NiUyNnR5cGUlM0QwJTI2aWR4JTNENzI2JTI2cXQlM0QlMjZhcGslM0QyJTI2c2MlM0RXV1clMjZ1ciUzRCVFNSVBNCVBQSVFNSU4RSU5RiUyNmxyJTNEJUU1JUE0JUFBJUU1JThFJTlGJTI2ZnQlM0QlN0IlN0QlMjZzdCUzRHB1#from=mpl_search_suggest
桃林沟悦洋水世界,,山西・阳泉・郊区,桃林沟滑雪场,4.9,,水上飞龙十分刺激,https://piao.qunar.com/ticket/detail_2540382465.html?st=a3clM0QlRTUlQjElQjElRTglQTUlQkYlMjZpZCUzRDQ2NjUwNCUyNnR5cGUlM0QwJTI2aWR4JTNENzI3JTI2cXQlM0QlMjZhcGslM0QyJTI2c2MlM0RXV1clMjZ1ciUzRCVFNSVBNCVBQSVFNSU4RSU5RiUyNmxyJTNEJUU1JUE0JUFBJUU1JThFJTlGJTI2ZnQlM0QlN0IlN0QlMjZzdCUzRHB1#from=mpl_search_suggest
北美网红公园,,山西・太原・小店区,太原市小店区长风街长治路口北美新天地4F东北角,,,太原 首 家网红公园包含项目1.时光隧道2.马卡龙海洋球乐园3.白日做梦“美元屋”4.异想天开“黄金屋”5.全城热恋“太,https://piao.qunar.com/ticket/detail_3709074872.html?st=a3clM0QlRTUlQjElQjElRTglQTUlQkYlMjZpZCUzRDUwOTA3NSUyNnR5cGUlM0QwJTI2aWR4JTNENzI4JTI2cXQlM0QlMjZhcGslM0QyJTI2c2MlM0RXV1clMjZ1ciUzRCVFNSVBNCVBQSVFNSU4RSU5RiUyNmxyJTNEJUU1JUE0JUFBJUU1JThFJTlGJTI2ZnQlM0QlN0IlN0QlMjZzdCUzRHB1#from=mpl_search_suggest
太原桔子镇儿童城,,山西・太原・小店区,山西省太原市小店区长兴路山西大剧院西平台下,,,梦想家儿童城是由长风国贸第六馆倾力打造的一个儿童职业体验城市，是专为4-16岁少年儿童设计的、由少年儿童自主管理的儿童城,https://piao.qunar.com/ticket/detail_2629796088.html?st=a3clM0QlRTUlQjElQjElRTglQTUlQkYlMjZpZCUzRDQ1MjEwMiUyNnR5cGUlM0QwJTI2aWR4JTNENzI5JTI2cXQlM0QlMjZhcGslM0QyJTI2c2MlM0RXV1clMjZ1ciUzRCVFNSVBNCVBQSVFNSU4RSU5RiUyNmxyJTNEJUU1JUE0JUFBJUU1JThFJTlGJTI2ZnQlM0QlN0IlN0QlMjZzdCUzRHB1#from=mpl_search_suggest
欢乐太行谷,4A景区,山西・长治・壶关县,山西省长治市壶关县南皇村325省道,4.9,78,太行欢乐谷规模宏大、气势恢宏，百余种民俗风味小吃带你尝尽各地美味，且有丰富的民俗表演（抬花轿、黄包车、戏剧）、高空蹦极、,https://piao.qunar.com/ticket/detail_17686240.html?st=a3clM0QlRTUlQjElQjElRTglQTUlQkYlMjZpZCUzRDQ3NjUxNCUyNnR5cGUlM0QwJTI2aWR4JTNENzMwJTI2cXQlM0QlMjZhcGslM0QyJTI2c2MlM0RXV1clMjZ1ciUzRCVFNSVBNCVBQSVFNSU4RSU5RiUyNmxyJTNEJUU1JUE0JUFBJUU1JThFJTlGJTI2ZnQlM0QlN0IlN0QlMjZzdCUzRHB1#from=mpl_search_suggest
始祖百草堂,,山西・长治・潞州区,山西省长治市潞州区老顶山风景区始祖百草堂,3.8,,绿色生态养生与平衡,https://piao.qunar.com/ticket/detail_1254987015.html?st=a3clM0QlRTUlQjElQjElRTglQTUlQkYlMjZpZCUzRDE0MDQ3JTI2dHlwZSUzRDAlMjZpZHglM0Q3MzElMjZxdCUzRCUyNmFwayUzRDIlMjZzYyUzRFdXVyUyNnVyJTNEJUU1JUE0JUFBJUU1JThFJTlGJTI2bHIlM0QlRTUlQTQlQUElRTUlOEUlOUYlMjZmdCUzRCU3QiU3RCUyNnN0JTNEcHU%3D#from=mpl_search_suggest
太行锡崖沟旅游度假区,,山西・晋城・陵川县,晋城市陵川县赵马线陵川王莽岭景区,5,120,观赏有名的挂壁公路,https://piao.qunar.com/ticket/detail_215634215.html?st=a3clM0QlRTUlQjElQjElRTglQTUlQkYlMjZpZCUzRDUyODcxNSUyNnR5cGUlM0QwJTI2aWR4JTNENzMyJTI2cXQlM0QlMjZhcGslM0QyJTI2c2MlM0RXV1clMjZ1ciUzRCVFNSVBNCVBQSVFNSU4RSU5RiUyNmxyJTNEJUU1JUE0JUFBJUU1JThFJTlGJTI2ZnQlM0QlN0IlN0QlMjZzdCUzRHB1#from=mpl_search_suggest
平常街,,山西・运城・盐湖区,山西省运城市 盐湖区解州镇常平村,,,,https://piao.qunar.com/ticket/detail_1267926594.html?st=a3clM0QlRTUlQjElQjElRTglQTUlQkYlMjZpZCUzRDUxNDE1NyUyNnR5cGUlM0QwJTI2aWR4JTNENzMzJTI2cXQlM0QlMjZhcGslM0QyJTI2c2MlM0RXV1clMjZ1ciUzRCVFNSVBNCVBQSVFNSU4RSU5RiUyNmxyJTNEJUU1JUE0JUFBJUU1JThFJTlGJTI2ZnQlM0QlN0IlN0QlMjZzdCUzRHB1#from=mpl_search_suggest
天宁寺,4A景区,山西・晋中・太谷县,江苏省常州市天宁区延陵中路636号,5,50,镇塔之宝天然水晶佛,https://piao.qunar.com/ticket/detail_2401936806.html?st=a3clM0QlRTUlQjElQjElRTglQTUlQkYlMjZpZCUzRDM3ODQlMjZ0eXBlJTNEMCUyNmlkeCUzRDczNCUyNnF0JTNEJTI2YXBrJTNEMiUyNnNjJTNEV1dXJTI2dXIlM0QlRTUlQTQlQUElRTUlOEUlOUYlMjZsciUzRCVFNSVBNCVBQSVFNSU4RSU5RiUyNmZ0JTNEJTdCJTdEJTI2c3QlM0RwdQ%3D%3D#from=mpl_search_suggest
阳泉火车站旧址,,山西・阳泉・城区,山西省阳泉市城区德胜东街百货大楼公交站(阳泉百货大楼东),,,,https://piao.qunar.com/ticket/detail_1551682895.html?st=a3clM0QlRTUlQjElQjElRTglQTUlQkYlMjZpZCUzRDUyMzU1NSUyNnR5cGUlM0QwJTI2aWR4JTNENzM1JTI2cXQlM0QlMjZhcGslM0QyJTI2c2MlM0RXV1clMjZ1ciUzRCVFNSVBNCVBQSVFNSU4RSU5RiUyNmxyJTNEJUU1JUE0JUFBJUU1JThFJTlGJTI2ZnQlM0QlN0IlN0QlMjZzdCUzRHB1#from=mpl_search_suggest
